id,path,package,category,ext,bytes,lines,imports,imported_by,todo_hits,is_test,is_generated
F0001,.agents/agent_assets_metadata.toml,other,memory/docs,.toml,414,15,0,0,0,False,False
F0002,.agents/memory/MEMORY.md,other,memory/docs,.md,6559,35,0,0,0,False,False
F0003,.agents/memory/ai-orchestrator-gap-closure.md,other,memory/docs,.md,3099,41,0,0,0,False,False
F0004,.agents/memory/ai-orchestrator-hardening.md,other,memory/docs,.md,2098,13,0,0,0,False,False
F0005,.agents/memory/ai-orchestrator-layer.md,other,memory/docs,.md,2177,41,0,0,0,False,False
F0006,.agents/memory/ai-tool-calling.md,other,memory/docs,.md,1811,36,0,0,0,False,False
F0007,.agents/memory/audit-fixes.md,other,memory/docs,.md,1459,11,0,0,0,False,False
F0008,.agents/memory/clerk-401-race-cookie-vs-bearer.md,other,memory/docs,.md,2009,33,0,0,0,False,False
F0009,.agents/memory/clerk-auth-testing.md,other,memory/docs,.md,2255,15,0,0,0,False,False
F0010,.agents/memory/completion-plan-stale-backlog.md,other,memory/docs,.md,1331,24,0,0,0,False,False
F0011,.agents/memory/context-cache-invalidation-rule.md,other,memory/docs,.md,2011,28,0,0,0,False,False
F0012,.agents/memory/dashboard-scoping-pr01.md,other,memory/docs,.md,1554,26,0,0,0,False,False
F0013,.agents/memory/discovery-adapter-registry.md,other,memory/docs,.md,1172,18,0,0,0,False,False
F0014,.agents/memory/discovery-feature.md,other,memory/docs,.md,2496,32,0,0,1,False,False
F0015,.agents/memory/discovery-multi-source.md,other,memory/docs,.md,2357,44,0,0,0,False,False
F0016,.agents/memory/drizzle-error-wrapping.md,other,memory/docs,.md,1244,20,0,0,0,False,False
F0017,.agents/memory/engineeringos-completion-plan.md,other,memory/docs,.md,1240,21,0,0,0,False,False
F0018,.agents/memory/fk-atomic-claim-ordering.md,other,memory/docs,.md,2145,30,0,0,0,False,False
F0019,.agents/memory/gap-analysis-fixes-batch1.md,other,memory/docs,.md,3460,46,0,0,1,False,False
F0020,.agents/memory/gap-analysis-fixes-batch2.md,other,memory/docs,.md,2495,28,0,0,1,False,False
F0021,.agents/memory/git-ai-orchestrator-fixes.md,other,memory/docs,.md,2113,35,0,0,0,False,False
F0022,.agents/memory/imported-project-clerk-secrets.md,other,memory/docs,.md,1303,11,0,0,0,False,False
F0023,.agents/memory/imported-project-workflow-failures.md,other,memory/docs,.md,1870,16,0,0,0,False,False
F0024,.agents/memory/knowledge-engine-bfs-depth.md,other,memory/docs,.md,1592,10,0,0,0,False,False
F0025,.agents/memory/knowledge-engine.md,other,memory/docs,.md,2299,43,0,0,0,False,False
F0026,.agents/memory/orval-openapi-codegen.md,other,memory/docs,.md,1815,30,0,0,0,False,True
F0027,.agents/memory/pr-c-ai-autotrigger.md,other,memory/docs,.md,1486,31,0,0,0,False,False
F0028,.agents/memory/pr-d-workflow-conditions.md,other,memory/docs,.md,1923,42,0,0,0,False,False
F0029,.agents/memory/pr01-job-durability.md,other,memory/docs,.md,1974,32,0,0,0,False,False
F0030,.agents/memory/pr02-provenance-layer.md,other,memory/docs,.md,2806,37,0,0,0,False,False
F0031,.agents/memory/pr04-discovery-hardening.md,other,memory/docs,.md,2530,34,0,0,0,False,False
F0032,.agents/memory/project-bootstrap.md,other,memory/docs,.md,895,26,0,0,0,False,False
F0033,.agents/memory/project-ownership-scoping.md,other,memory/docs,.md,2313,43,0,0,0,False,False
F0034,.agents/memory/scanner-ast-extraction.md,other,memory/docs,.md,4047,17,0,0,0,False,False
F0035,.agents/memory/testing-drift-checks.md,other,memory/docs,.md,1129,10,0,0,0,False,False
F0036,.agents/memory/trace-analysis.md,other,memory/docs,.md,2813,33,0,0,0,False,False
F0037,.gitattributes,root,root-config,,170,3,0,0,0,False,False
F0038,.gitignore,root,root-config,,668,50,0,0,0,False,False
F0039,.npmrc,root,root-config,,78,4,0,0,0,False,False
F0040,.replit,root,root-config,,522,29,0,0,0,False,False
F0041,.replitignore,root,root-config,,201,6,0,0,0,False,False
F0042,artifacts/api-server/.replit-artifact/artifact.toml,api-server,api-server,.toml,784,33,0,0,1,False,False
F0043,artifacts/api-server/build.mjs,api-server,api-server,.mjs,3455,127,0,0,0,False,False
F0044,artifacts/api-server/package.json,api-server,api-server,.json,1342,47,0,0,0,False,False
F0045,artifacts/api-server/src/app.ts,api-server,api-server,.ts,5526,141,6,1,0,False,False
F0046,artifacts/api-server/src/config.ts,api-server,api-server,.ts,2281,60,0,1,0,False,False
F0047,artifacts/api-server/src/index.ts,api-server,api-server,.ts,831,26,5,0,0,False,False
F0048,artifacts/api-server/src/lib/.gitkeep,api-server,api-server,,0,0,0,0,0,False,False
F0049,artifacts/api-server/src/lib/audit.ts,api-server,api-server,.ts,2702,64,1,0,0,False,False
F0050,artifacts/api-server/src/lib/credentials-crypto.ts,api-server,api-server,.ts,1824,45,0,0,0,False,False
F0051,artifacts/api-server/src/lib/discovery-adapters.test.ts,api-server,api-server,.ts,15585,407,1,0,0,True,False
F0052,artifacts/api-server/src/lib/discovery-adapters.ts,api-server,api-server,.ts,13352,339,0,0,0,False,False
F0053,artifacts/api-server/src/lib/discovery-runner.ts,api-server,api-server,.ts,18732,468,1,0,0,False,False
F0054,artifacts/api-server/src/lib/graph-provenance.ts,api-server,api-server,.ts,2483,70,0,0,0,False,False
F0055,artifacts/api-server/src/lib/job-queue.test.ts,api-server,api-server,.ts,2954,94,1,0,0,True,False
F0056,artifacts/api-server/src/lib/job-queue.ts,api-server,api-server,.ts,3808,96,1,0,0,False,False
F0057,artifacts/api-server/src/lib/job-reconciliation.test.ts,api-server,api-server,.ts,11006,305,2,0,0,True,False
F0058,artifacts/api-server/src/lib/job-reconciliation.ts,api-server,api-server,.ts,8633,205,4,1,0,False,False
F0059,artifacts/api-server/src/lib/logger.ts,api-server,api-server,.ts,426,22,1,2,0,False,False
F0060,artifacts/api-server/src/lib/path-validation.test.ts,api-server,api-server,.ts,11317,272,1,0,0,True,False
F0061,artifacts/api-server/src/lib/path-validation.ts,api-server,api-server,.ts,5362,153,0,0,0,False,False
F0062,artifacts/api-server/src/lib/plugin-runtime.test.ts,api-server,api-server,.ts,11411,293,1,0,0,True,False
F0063,artifacts/api-server/src/lib/plugin-runtime.ts,api-server,api-server,.ts,12993,366,1,0,1,False,False
F0064,artifacts/api-server/src/lib/project-error.test.ts,api-server,api-server,.ts,7926,210,1,0,0,True,False
F0065,artifacts/api-server/src/lib/scan-runner.ts,api-server,api-server,.ts,18774,469,4,0,0,False,False
F0066,artifacts/api-server/src/lib/startup-migrations.ts,api-server,api-server,.ts,2424,61,1,1,0,False,False
F0067,artifacts/api-server/src/middlewares/.gitkeep,api-server,api-server,,0,0,0,0,0,False,False
F0068,artifacts/api-server/src/middlewares/clerkProxyMiddleware.ts,api-server,api-server,.ts,5931,147,1,0,0,False,False
F0069,artifacts/api-server/src/middlewares/requireAuth.test.ts,api-server,api-server,.ts,5662,161,0,0,0,True,False
F0070,artifacts/api-server/src/middlewares/requireAuth.ts,api-server,api-server,.ts,2931,82,2,0,0,False,False
F0071,artifacts/api-server/src/middlewares/requireProjectAccess.ts,api-server,api-server,.ts,4974,136,0,0,0,False,False
F0072,artifacts/api-server/src/routes/ai.test.ts,api-server,api-server,.ts,25540,679,1,0,0,True,False
F0073,artifacts/api-server/src/routes/ai.ts,api-server,api-server,.ts,47562,1249,5,0,1,False,False
F0074,artifacts/api-server/src/routes/dashboard.test.ts,api-server,api-server,.ts,14740,392,1,0,0,True,False
F0075,artifacts/api-server/src/routes/dashboard.ts,api-server,api-server,.ts,5465,157,1,0,0,False,False
F0076,artifacts/api-server/src/routes/discovery.test.ts,api-server,api-server,.ts,30350,743,1,0,0,True,False
F0077,artifacts/api-server/src/routes/discovery.ts,api-server,api-server,.ts,20200,504,6,0,0,False,False
F0078,artifacts/api-server/src/routes/events.test.ts,api-server,api-server,.ts,7869,222,1,0,0,True,False
F0079,artifacts/api-server/src/routes/events.ts,api-server,api-server,.ts,2184,62,2,0,0,False,False
F0080,artifacts/api-server/src/routes/git.ts,api-server,api-server,.ts,15044,410,5,0,0,False,False
F0081,artifacts/api-server/src/routes/graph.test.ts,api-server,api-server,.ts,32928,967,1,0,0,True,False
F0082,artifacts/api-server/src/routes/graph.ts,api-server,api-server,.ts,16430,438,2,0,0,False,False
F0083,artifacts/api-server/src/routes/health.test.ts,api-server,api-server,.ts,751,23,1,0,0,True,False
F0084,artifacts/api-server/src/routes/health.ts,api-server,api-server,.ts,284,12,0,0,0,False,False
F0085,artifacts/api-server/src/routes/index.ts,api-server,api-server,.ts,1022,33,12,0,0,False,False
F0086,artifacts/api-server/src/routes/metrics.test.ts,api-server,api-server,.ts,4280,128,1,0,0,True,False
F0087,artifacts/api-server/src/routes/metrics.ts,api-server,api-server,.ts,3095,92,2,0,0,False,False
F0088,artifacts/api-server/src/routes/plugins.test.ts,api-server,api-server,.ts,1205,35,1,0,0,True,False
F0089,artifacts/api-server/src/routes/plugins.ts,api-server,api-server,.ts,4340,151,1,0,0,False,False
F0090,artifacts/api-server/src/routes/projects.test.ts,api-server,api-server,.ts,18499,516,2,0,0,True,False
F0091,artifacts/api-server/src/routes/projects.ts,api-server,api-server,.ts,8780,287,5,0,0,False,False
F0092,artifacts/api-server/src/routes/rules.test.ts,api-server,api-server,.ts,12426,343,1,0,0,True,False
F0093,artifacts/api-server/src/routes/rules.ts,api-server,api-server,.ts,7394,240,3,0,0,False,False
F0094,artifacts/api-server/src/routes/tasks.test.ts,api-server,api-server,.ts,12530,363,1,0,0,True,False
F0095,artifacts/api-server/src/routes/tasks.ts,api-server,api-server,.ts,19374,580,4,0,0,False,False
F0096,artifacts/api-server/src/routes/workflows.test.ts,api-server,api-server,.ts,11527,306,1,0,0,True,False
F0097,artifacts/api-server/src/routes/workflows.ts,api-server,api-server,.ts,23134,648,3,0,0,False,False
F0098,artifacts/api-server/src/scripts/seed-provenance.ts,api-server,api-server,.ts,7490,241,0,0,0,False,False
F0099,artifacts/api-server/src/types/express.d.ts,api-server,api-server,.ts,2080,52,0,0,0,False,False
F0100,artifacts/api-server/tsconfig.json,api-server,api-server,.json,549,32,0,0,0,False,False
F0101,artifacts/api-server/vitest.config.ts,api-server,api-server,.ts,208,11,0,0,0,False,False
F0102,artifacts/dashboard/.replit-artifact/artifact.toml,dashboard,dashboard,.toml,561,28,0,0,0,False,False
F0103,artifacts/dashboard/components.json,dashboard,dashboard,.json,434,20,0,0,0,False,False
F0104,artifacts/dashboard/index.html,dashboard,dashboard,.html,1352,25,0,0,0,False,False
F0105,artifacts/dashboard/package.json,dashboard,dashboard,.json,2853,83,0,0,0,False,False
F0106,artifacts/dashboard/public/favicon.svg,dashboard,dashboard,.svg,163,4,0,0,0,False,False
F0107,artifacts/dashboard/public/logo.svg,dashboard,dashboard,.svg,502,12,0,0,0,False,False
F0108,artifacts/dashboard/public/robots.txt,dashboard,dashboard,.txt,23,3,0,0,0,False,False
F0109,artifacts/dashboard/src/App.tsx,dashboard,dashboard,.tsx,5257,190,0,1,0,False,False
F0110,artifacts/dashboard/src/components/GitPanel.tsx,dashboard,dashboard,.tsx,20761,494,0,0,4,False,False
F0111,artifacts/dashboard/src/components/layout/Shell.tsx,dashboard,dashboard,.tsx,1829,38,1,0,2,False,False
F0112,artifacts/dashboard/src/components/layout/Sidebar.tsx,dashboard,dashboard,.tsx,3916,104,0,1,2,False,False
F0113,artifacts/dashboard/src/components/ui/accordion.tsx,dashboard,dashboard,.tsx,2013,55,0,0,0,False,False
F0114,artifacts/dashboard/src/components/ui/alert-dialog.tsx,dashboard,dashboard,.tsx,4447,139,0,0,0,False,False
F0115,artifacts/dashboard/src/components/ui/alert.tsx,dashboard,dashboard,.tsx,1609,59,0,0,0,False,False
F0116,artifacts/dashboard/src/components/ui/aspect-ratio.tsx,dashboard,dashboard,.tsx,143,6,0,0,0,False,False
F0117,artifacts/dashboard/src/components/ui/avatar.tsx,dashboard,dashboard,.tsx,1431,50,0,0,0,False,False
F0118,artifacts/dashboard/src/components/ui/badge.tsx,dashboard,dashboard,.tsx,1528,43,0,0,0,False,False
F0119,artifacts/dashboard/src/components/ui/breadcrumb.tsx,dashboard,dashboard,.tsx,2735,115,0,0,0,False,False
F0120,artifacts/dashboard/src/components/ui/button-group.tsx,dashboard,dashboard,.tsx,2222,83,0,0,0,False,False
F0121,artifacts/dashboard/src/components/ui/button.tsx,dashboard,dashboard,.tsx,2370,65,0,0,0,False,False
F0122,artifacts/dashboard/src/components/ui/calendar.tsx,dashboard,dashboard,.tsx,7607,213,0,0,0,False,False
F0123,artifacts/dashboard/src/components/ui/card.tsx,dashboard,dashboard,.tsx,1856,83,0,0,0,False,False
F0124,artifacts/dashboard/src/components/ui/carousel.tsx,dashboard,dashboard,.tsx,6288,260,0,0,0,False,False
F0125,artifacts/dashboard/src/components/ui/chart.tsx,dashboard,dashboard,.tsx,10846,367,0,0,0,False,False
F0126,artifacts/dashboard/src/components/ui/checkbox.tsx,dashboard,dashboard,.tsx,1038,28,0,0,0,False,False
F0127,artifacts/dashboard/src/components/ui/collapsible.tsx,dashboard,dashboard,.tsx,335,12,0,0,0,False,False
F0128,artifacts/dashboard/src/components/ui/command.tsx,dashboard,dashboard,.tsx,4918,153,0,0,1,False,False
F0129,artifacts/dashboard/src/components/ui/context-menu.tsx,dashboard,dashboard,.tsx,7446,198,0,0,0,False,False
F0130,artifacts/dashboard/src/components/ui/dialog.tsx,dashboard,dashboard,.tsx,3889,120,0,0,0,False,False
F0131,artifacts/dashboard/src/components/ui/drawer.tsx,dashboard,dashboard,.tsx,3029,116,0,0,0,False,False
F0132,artifacts/dashboard/src/components/ui/dropdown-menu.tsx,dashboard,dashboard,.tsx,7646,201,0,0,0,False,False
F0133,artifacts/dashboard/src/components/ui/empty.tsx,dashboard,dashboard,.tsx,2410,104,0,0,0,False,False
F0134,artifacts/dashboard/src/components/ui/field.tsx,dashboard,dashboard,.tsx,6079,244,0,0,0,False,False
F0135,artifacts/dashboard/src/components/ui/form.tsx,dashboard,dashboard,.tsx,4232,179,0,0,0,False,False
F0136,artifacts/dashboard/src/components/ui/hover-card.tsx,dashboard,dashboard,.tsx,1245,27,0,0,0,False,False
F0137,artifacts/dashboard/src/components/ui/input-group.tsx,dashboard,dashboard,.tsx,4993,168,0,0,0,False,False
F0138,artifacts/dashboard/src/components/ui/input-otp.tsx,dashboard,dashboard,.tsx,2160,69,0,0,0,False,False
F0139,artifacts/dashboard/src/components/ui/input.tsx,dashboard,dashboard,.tsx,775,22,0,0,1,False,False
F0140,artifacts/dashboard/src/components/ui/item.tsx,dashboard,dashboard,.tsx,4519,193,0,0,0,False,False
F0141,artifacts/dashboard/src/components/ui/kbd.tsx,dashboard,dashboard,.tsx,867,29,0,0,0,False,False
F0142,artifacts/dashboard/src/components/ui/label.tsx,dashboard,dashboard,.tsx,733,26,0,0,0,False,False
F0143,artifacts/dashboard/src/components/ui/menubar.tsx,dashboard,dashboard,.tsx,8655,254,0,0,0,False,False
F0144,artifacts/dashboard/src/components/ui/navigation-menu.tsx,dashboard,dashboard,.tsx,5150,128,0,0,0,False,False
F0145,artifacts/dashboard/src/components/ui/pagination.tsx,dashboard,dashboard,.tsx,2772,117,0,0,0,False,False
F0146,artifacts/dashboard/src/components/ui/popover.tsx,dashboard,dashboard,.tsx,1351,31,0,0,0,False,False
F0147,artifacts/dashboard/src/components/ui/progress.tsx,dashboard,dashboard,.tsx,799,28,0,0,0,False,False
F0148,artifacts/dashboard/src/components/ui/radio-group.tsx,dashboard,dashboard,.tsx,1421,42,0,0,0,False,False
F0149,artifacts/dashboard/src/components/ui/resizable.tsx,dashboard,dashboard,.tsx,1733,45,0,0,0,False,False
F0150,artifacts/dashboard/src/components/ui/scroll-area.tsx,dashboard,dashboard,.tsx,1650,46,0,0,0,False,False
F0151,artifacts/dashboard/src/components/ui/select.tsx,dashboard,dashboard,.tsx,5773,159,0,0,1,False,False
F0152,artifacts/dashboard/src/components/ui/separator.tsx,dashboard,dashboard,.tsx,764,29,0,0,0,False,False
F0153,artifacts/dashboard/src/components/ui/sheet.tsx,dashboard,dashboard,.tsx,4307,140,0,0,0,False,False
F0154,artifacts/dashboard/src/components/ui/sidebar.tsx,dashboard,dashboard,.tsx,21969,727,0,0,0,False,False
F0155,artifacts/dashboard/src/components/ui/skeleton.tsx,dashboard,dashboard,.tsx,269,16,0,0,0,False,False
F0156,artifacts/dashboard/src/components/ui/slider.tsx,dashboard,dashboard,.tsx,1043,26,0,0,0,False,False
F0157,artifacts/dashboard/src/components/ui/sonner.tsx,dashboard,dashboard,.tsx,902,32,0,0,0,False,False
F0158,artifacts/dashboard/src/components/ui/spinner.tsx,dashboard,dashboard,.tsx,334,16,0,0,0,False,False
F0159,artifacts/dashboard/src/components/ui/switch.tsx,dashboard,dashboard,.tsx,1155,27,0,0,0,False,False
F0160,artifacts/dashboard/src/components/ui/table.tsx,dashboard,dashboard,.tsx,2881,120,0,0,0,False,False
F0161,artifacts/dashboard/src/components/ui/tabs.tsx,dashboard,dashboard,.tsx,1890,53,0,0,0,False,False
F0162,artifacts/dashboard/src/components/ui/textarea.tsx,dashboard,dashboard,.tsx,655,22,0,0,1,False,False
F0163,artifacts/dashboard/src/components/ui/toast.tsx,dashboard,dashboard,.tsx,4871,127,0,0,0,False,False
F0164,artifacts/dashboard/src/components/ui/toaster.tsx,dashboard,dashboard,.tsx,777,34,0,0,0,False,False
F0165,artifacts/dashboard/src/components/ui/toggle-group.tsx,dashboard,dashboard,.tsx,1767,61,0,0,0,False,False
F0166,artifacts/dashboard/src/components/ui/toggle.tsx,dashboard,dashboard,.tsx,1494,43,0,0,0,False,False
F0167,artifacts/dashboard/src/components/ui/tooltip.tsx,dashboard,dashboard,.tsx,1277,32,0,0,0,False,False
F0168,artifacts/dashboard/src/hooks/use-mobile.tsx,dashboard,dashboard,.tsx,576,20,0,0,0,False,False
F0169,artifacts/dashboard/src/hooks/use-toast.ts,dashboard,dashboard,.ts,3952,188,0,0,0,False,False
F0170,artifacts/dashboard/src/index.css,dashboard,dashboard,.css,7601,231,0,1,2,False,False
F0171,artifacts/dashboard/src/lib/clerk.ts,dashboard,dashboard,.ts,2416,64,0,0,0,False,False
F0172,artifacts/dashboard/src/lib/utils.ts,dashboard,dashboard,.ts,169,7,0,0,0,False,False
F0173,artifacts/dashboard/src/main.tsx,dashboard,dashboard,.tsx,159,8,2,0,0,False,False
F0174,artifacts/dashboard/src/pages/AiChat.tsx,dashboard,dashboard,.tsx,34062,813,0,0,5,False,False
F0175,artifacts/dashboard/src/pages/Dashboard.tsx,dashboard,dashboard,.tsx,13902,306,0,0,0,False,False
F0176,artifacts/dashboard/src/pages/DiscoverProjectWizard.tsx,dashboard,dashboard,.tsx,47244,1047,0,1,5,False,False
F0177,artifacts/dashboard/src/pages/Events.tsx,dashboard,dashboard,.tsx,7383,175,0,0,1,False,False
F0178,artifacts/dashboard/src/pages/Graph.tsx,dashboard,dashboard,.tsx,31302,684,0,0,1,False,False
F0179,artifacts/dashboard/src/pages/Landing.tsx,dashboard,dashboard,.tsx,2965,69,0,0,0,False,False
F0180,artifacts/dashboard/src/pages/Metrics.tsx,dashboard,dashboard,.tsx,10463,276,0,0,0,False,False
F0181,artifacts/dashboard/src/pages/ProjectDetail.tsx,dashboard,dashboard,.tsx,17417,404,0,0,0,False,False
F0182,artifacts/dashboard/src/pages/Projects.tsx,dashboard,dashboard,.tsx,9579,216,1,0,1,False,False
F0183,artifacts/dashboard/src/pages/Rules.tsx,dashboard,dashboard,.tsx,21068,465,0,0,6,False,False
F0184,artifacts/dashboard/src/pages/SignIn.tsx,dashboard,dashboard,.tsx,362,15,0,0,0,False,False
F0185,artifacts/dashboard/src/pages/SignUp.tsx,dashboard,dashboard,.tsx,362,15,0,0,0,False,False
F0186,artifacts/dashboard/src/pages/Tasks.tsx,dashboard,dashboard,.tsx,19713,432,0,0,1,False,False
F0187,artifacts/dashboard/src/pages/Workflows.tsx,dashboard,dashboard,.tsx,25031,588,0,0,6,False,False
F0188,artifacts/dashboard/src/pages/not-found.tsx,dashboard,dashboard,.tsx,971,26,0,0,0,False,False
F0189,artifacts/dashboard/tsconfig.json,dashboard,dashboard,.json,520,23,0,0,0,False,False
F0190,artifacts/dashboard/vite.config.ts,dashboard,dashboard,.ts,1822,82,0,0,0,False,False
F0191,artifacts/mockup-sandbox/.replit-artifact/artifact.toml,mockup-sandbox,mockup-sandbox,.toml,327,18,0,0,0,False,False
F0192,artifacts/mockup-sandbox/components.json,mockup-sandbox,mockup-sandbox,.json,426,22,0,0,0,False,False
F0193,artifacts/mockup-sandbox/index.html,mockup-sandbox,mockup-sandbox,.html,4325,32,0,0,0,False,False
F0194,artifacts/mockup-sandbox/mockupPreviewPlugin.ts,mockup-sandbox,mockup-sandbox,.ts,4639,181,0,1,0,False,False
F0195,artifacts/mockup-sandbox/package.json,mockup-sandbox,mockup-sandbox,.json,2515,75,0,0,0,False,False
F0196,artifacts/mockup-sandbox/src/.generated/mockup-components.ts,mockup-sandbox,mockup-sandbox,.ts,171,6,0,1,0,False,True
F0197,artifacts/mockup-sandbox/src/App.tsx,mockup-sandbox,mockup-sandbox,.tsx,3654,147,1,1,0,False,False
F0198,artifacts/mockup-sandbox/src/components/ui/accordion.tsx,mockup-sandbox,mockup-sandbox,.tsx,2001,56,0,0,0,False,False
F0199,artifacts/mockup-sandbox/src/components/ui/alert-dialog.tsx,mockup-sandbox,mockup-sandbox,.tsx,4419,140,0,0,0,False,False
F0200,artifacts/mockup-sandbox/src/components/ui/alert.tsx,mockup-sandbox,mockup-sandbox,.tsx,1598,60,0,0,0,False,False
F0201,artifacts/mockup-sandbox/src/components/ui/aspect-ratio.tsx,mockup-sandbox,mockup-sandbox,.tsx,140,6,0,0,0,False,False
F0202,artifacts/mockup-sandbox/src/components/ui/avatar.tsx,mockup-sandbox,mockup-sandbox,.tsx,1419,51,0,0,0,False,False
F0203,artifacts/mockup-sandbox/src/components/ui/badge.tsx,mockup-sandbox,mockup-sandbox,.tsx,1163,38,0,0,0,False,False
F0204,artifacts/mockup-sandbox/src/components/ui/breadcrumb.tsx,mockup-sandbox,mockup-sandbox,.tsx,2712,116,0,0,0,False,False
F0205,artifacts/mockup-sandbox/src/components/ui/button-group.tsx,mockup-sandbox,mockup-sandbox,.tsx,2209,84,0,0,0,False,False
F0206,artifacts/mockup-sandbox/src/components/ui/button.tsx,mockup-sandbox,mockup-sandbox,.tsx,1925,59,0,0,0,False,False
F0207,artifacts/mockup-sandbox/src/components/ui/calendar.tsx,mockup-sandbox,mockup-sandbox,.tsx,7569,214,0,0,0,False,False
F0208,artifacts/mockup-sandbox/src/components/ui/card.tsx,mockup-sandbox,mockup-sandbox,.tsx,1828,77,0,0,0,False,False
F0209,artifacts/mockup-sandbox/src/components/ui/carousel.tsx,mockup-sandbox,mockup-sandbox,.tsx,6210,261,0,0,0,False,False
F0210,artifacts/mockup-sandbox/src/components/ui/chart.tsx,mockup-sandbox,mockup-sandbox,.tsx,10674,366,0,0,0,False,False
F0211,artifacts/mockup-sandbox/src/components/ui/checkbox.tsx,mockup-sandbox,mockup-sandbox,.tsx,1031,29,0,0,0,False,False
F0212,artifacts/mockup-sandbox/src/components/ui/collapsible.tsx,mockup-sandbox,mockup-sandbox,.tsx,329,12,0,0,0,False,False
F0213,artifacts/mockup-sandbox/src/components/ui/command.tsx,mockup-sandbox,mockup-sandbox,.tsx,4887,154,0,0,1,False,False
F0214,artifacts/mockup-sandbox/src/components/ui/context-menu.tsx,mockup-sandbox,mockup-sandbox,.tsx,7406,199,0,0,0,False,False
F0215,artifacts/mockup-sandbox/src/components/ui/dialog.tsx,mockup-sandbox,mockup-sandbox,.tsx,3835,121,0,0,0,False,False
F0216,artifacts/mockup-sandbox/src/components/ui/drawer.tsx,mockup-sandbox,mockup-sandbox,.tsx,3007,117,0,0,0,False,False
F0217,artifacts/mockup-sandbox/src/components/ui/dropdown-menu.tsx,mockup-sandbox,mockup-sandbox,.tsx,7606,202,0,0,0,False,False
F0218,artifacts/mockup-sandbox/src/components/ui/empty.tsx,mockup-sandbox,mockup-sandbox,.tsx,2396,105,0,0,0,False,False
F0219,artifacts/mockup-sandbox/src/components/ui/field.tsx,mockup-sandbox,mockup-sandbox,.tsx,6044,245,0,0,0,False,False
F0220,artifacts/mockup-sandbox/src/components/ui/form.tsx,mockup-sandbox,mockup-sandbox,.tsx,4175,177,0,0,0,False,False
F0221,artifacts/mockup-sandbox/src/components/ui/hover-card.tsx,mockup-sandbox,mockup-sandbox,.tsx,1237,28,0,0,0,False,False
F0222,artifacts/mockup-sandbox/src/components/ui/input-group.tsx,mockup-sandbox,mockup-sandbox,.tsx,4883,166,0,0,0,False,False
F0223,artifacts/mockup-sandbox/src/components/ui/input-otp.tsx,mockup-sandbox,mockup-sandbox,.tsx,2143,70,0,0,0,False,False
F0224,artifacts/mockup-sandbox/src/components/ui/input.tsx,mockup-sandbox,mockup-sandbox,.tsx,768,23,0,0,1,False,False
F0225,artifacts/mockup-sandbox/src/components/ui/item.tsx,mockup-sandbox,mockup-sandbox,.tsx,4494,194,0,0,0,False,False
F0226,artifacts/mockup-sandbox/src/components/ui/kbd.tsx,mockup-sandbox,mockup-sandbox,.tsx,862,29,0,0,0,False,False
F0227,artifacts/mockup-sandbox/src/components/ui/label.tsx,mockup-sandbox,mockup-sandbox,.tsx,724,27,0,0,0,False,False
F0228,artifacts/mockup-sandbox/src/components/ui/menubar.tsx,mockup-sandbox,mockup-sandbox,.tsx,8608,255,0,0,0,False,False
F0229,artifacts/mockup-sandbox/src/components/ui/navigation-menu.tsx,mockup-sandbox,mockup-sandbox,.tsx,5124,129,0,0,0,False,False
F0230,artifacts/mockup-sandbox/src/components/ui/pagination.tsx,mockup-sandbox,mockup-sandbox,.tsx,2751,118,0,0,0,False,False
F0231,artifacts/mockup-sandbox/src/components/ui/popover.tsx,mockup-sandbox,mockup-sandbox,.tsx,1342,32,0,0,0,False,False
F0232,artifacts/mockup-sandbox/src/components/ui/progress.tsx,mockup-sandbox,mockup-sandbox,.tsx,792,29,0,0,0,False,False
F0233,artifacts/mockup-sandbox/src/components/ui/radio-group.tsx,mockup-sandbox,mockup-sandbox,.tsx,1410,43,0,0,0,False,False
F0234,artifacts/mockup-sandbox/src/components/ui/resizable.tsx,mockup-sandbox,mockup-sandbox,.tsx,1723,46,0,0,0,False,False
F0235,artifacts/mockup-sandbox/src/components/ui/scroll-area.tsx,mockup-sandbox,mockup-sandbox,.tsx,1642,47,0,0,0,False,False
F0236,artifacts/mockup-sandbox/src/components/ui/select.tsx,mockup-sandbox,mockup-sandbox,.tsx,5745,160,0,0,1,False,False
F0237,artifacts/mockup-sandbox/src/components/ui/separator.tsx,mockup-sandbox,mockup-sandbox,.tsx,756,30,0,0,0,False,False
F0238,artifacts/mockup-sandbox/src/components/ui/sheet.tsx,mockup-sandbox,mockup-sandbox,.tsx,4280,141,0,0,0,False,False
F0239,artifacts/mockup-sandbox/src/components/ui/sidebar.tsx,mockup-sandbox,mockup-sandbox,.tsx,21056,715,0,0,0,False,False
F0240,artifacts/mockup-sandbox/src/components/ui/skeleton.tsx,mockup-sandbox,mockup-sandbox,.tsx,266,16,0,0,0,False,False
F0241,artifacts/mockup-sandbox/src/components/ui/slider.tsx,mockup-sandbox,mockup-sandbox,.tsx,1037,27,0,0,0,False,False
F0242,artifacts/mockup-sandbox/src/components/ui/sonner.tsx,mockup-sandbox,mockup-sandbox,.tsx,894,32,0,0,0,False,False
F0243,artifacts/mockup-sandbox/src/components/ui/spinner.tsx,mockup-sandbox,mockup-sandbox,.tsx,331,17,0,0,0,False,False
F0244,artifacts/mockup-sandbox/src/components/ui/switch.tsx,mockup-sandbox,mockup-sandbox,.tsx,1148,28,0,0,0,False,False
F0245,artifacts/mockup-sandbox/src/components/ui/table.tsx,mockup-sandbox,mockup-sandbox,.tsx,2859,121,0,0,0,False,False
F0246,artifacts/mockup-sandbox/src/components/ui/tabs.tsx,mockup-sandbox,mockup-sandbox,.tsx,1877,54,0,0,0,False,False
F0247,artifacts/mockup-sandbox/src/components/ui/textarea.tsx,mockup-sandbox,mockup-sandbox,.tsx,649,23,0,0,1,False,False
F0248,artifacts/mockup-sandbox/src/components/ui/toast.tsx,mockup-sandbox,mockup-sandbox,.tsx,4845,128,0,0,0,False,False
F0249,artifacts/mockup-sandbox/src/components/ui/toaster.tsx,mockup-sandbox,mockup-sandbox,.tsx,772,34,0,0,0,False,False
F0250,artifacts/mockup-sandbox/src/components/ui/toggle-group.tsx,mockup-sandbox,mockup-sandbox,.tsx,1753,62,0,0,0,False,False
F0251,artifacts/mockup-sandbox/src/components/ui/toggle.tsx,mockup-sandbox,mockup-sandbox,.tsx,1486,44,0,0,0,False,False
F0252,artifacts/mockup-sandbox/src/components/ui/tooltip.tsx,mockup-sandbox,mockup-sandbox,.tsx,1267,33,0,0,0,False,False
F0253,artifacts/mockup-sandbox/src/hooks/use-mobile.tsx,mockup-sandbox,mockup-sandbox,.tsx,565,20,0,0,0,False,False
F0254,artifacts/mockup-sandbox/src/hooks/use-toast.ts,mockup-sandbox,mockup-sandbox,.ts,3767,190,0,0,0,False,False
F0255,artifacts/mockup-sandbox/src/index.css,mockup-sandbox,mockup-sandbox,.css,5760,186,0,1,4,False,False
F0256,artifacts/mockup-sandbox/src/lib/utils.ts,mockup-sandbox,mockup-sandbox,.ts,166,7,0,0,0,False,False
F0257,artifacts/mockup-sandbox/src/main.tsx,mockup-sandbox,mockup-sandbox,.tsx,157,6,2,0,0,False,False
F0258,artifacts/mockup-sandbox/tsconfig.json,mockup-sandbox,mockup-sandbox,.json,513,19,0,0,0,False,False
F0259,artifacts/mockup-sandbox/vite.config.ts,mockup-sandbox,mockup-sandbox,.ts,1592,72,1,0,0,False,False
F0260,attached_assets/ENGINEERINGOS_EXECUTION_ALIGNMENT_REPORT_1784147505317.md,other,attached_assets/docs,.md,7277,87,0,0,7,False,False
F0261,attached_assets/ENGINEERINGOS_MASTER_EXECUTION_CONSTITUTION(2)_(2)_1784143389784.md,other,attached_assets/docs,.md,17268,467,0,0,0,False,False
F0262,attached_assets/ENGINEERINGOS_PLACEHOLDER_REGISTER_1784147505353.md,other,attached_assets/docs,.md,12786,44,0,0,22,False,False
F0263,attached_assets/ENGINEERINGOS_RUNTIME_EXECUTION_MATRIX_1784147505400.md,other,attached_assets/docs,.md,3652,24,0,0,1,False,False
F0264,attached_assets/EngineeringOS_Audit_Report_1783641389270.md,other,attached_assets/docs,.md,14716,257,0,0,0,False,False
F0265,attached_assets/EngineeringOS_Audit_Report_Expanded_1783642792349.md,other,attached_assets/docs,.md,17381,266,0,0,0,False,False
F0266,attached_assets/EngineeringOS_Combined_Deep_Analysis_(1)_1783706911895.md,other,attached_assets/docs,.md,13363,246,0,0,0,False,False
F0267,attached_assets/EngineeringOS_Engineering_Truth_Verification_1784082430324.csv,other,attached_assets/docs,.csv,151098,564,0,0,6,False,False
F0268,attached_assets/EngineeringOS_Engineering_Truth_Verification_1784082430371.md,other,attached_assets/docs,.md,9957,154,0,0,1,False,False
F0269,attached_assets/EngineeringOS_Execution_Plan_1783831261195.pdf,other,attached_assets/docs,.pdf,104811,948,0,0,0,False,False
F0270,attached_assets/EngineeringOS_Executive_Build_Directive_v1_1783912619169.md,other,attached_assets/docs,.md,11583,350,0,0,0,False,False
F0271,attached_assets/EngineeringOS_File_Inventory_Complete(1)_1783706911845.md,other,attached_assets/docs,.md,16789,360,0,0,0,False,False
F0272,attached_assets/EngineeringOS_File_by_File_Fact_Record_1783725698283.md,other,attached_assets/docs,.md,91708,412,0,0,2,False,False
F0273,attached_assets/EngineeringOS_Implementation_Document_1783726156016.md,other,attached_assets/docs,.md,24261,605,0,0,0,False,False
F0274,attached_assets/EngineeringOS_Master_Truth_Register_(1)_1784077194501.xlsx,other,attached_assets/docs,.xlsx,56845,399,0,0,0,False,False
F0275,attached_assets/EngineeringOS_Plan_1783818095882.pdf,other,attached_assets/docs,.pdf,81293,811,0,0,0,False,False
F0276,attached_assets/EngineeringOS_Project_1783718452179.pdf,other,attached_assets/docs,.pdf,53834,517,0,0,0,False,False
F0277,attached_assets/EngineeringOS_Truth_Flow_Matrix.schema_1784143389669.ts,other,attached_assets/docs,.ts,12609,407,0,0,0,False,False
F0278,attached_assets/EngineeringOS_Truth_Flow_Matrix_1784143389833.json,other,attached_assets/docs,.json,4773,141,0,0,0,False,False
F0279,attached_assets/EngineeringOS_Truth_Flow_Matrix_1784143389882.ts,other,attached_assets/docs,.ts,4243,37,0,0,0,False,False
F0280,attached_assets/EngineeringOS_Truth_Flow_PR_Checklist_1784143389929.md,other,attached_assets/docs,.md,3032,65,0,0,0,False,False
F0281,attached_assets/EngineeringOS_Truth_Register_Full_(1)_1784081699025.csv,other,attached_assets/docs,.csv,166934,564,0,0,0,False,False
F0282,attached_assets/EngineeringOS_Truth_Register_Full_1784081611461.csv,other,attached_assets/docs,.csv,166934,564,0,0,0,False,False
F0283,attached_assets/EngineeringOS_Truth_Register_and_PR_Roadmap_(1)_1784081698974.md,other,attached_assets/docs,.md,16652,215,0,0,0,False,False
F0284,attached_assets/EngineeringOS_Truth_Register_and_PR_Roadmap_1784081611536.md,other,attached_assets/docs,.md,16652,215,0,0,0,False,False
F0285,attached_assets/EngineeringOS_analysis_report(2)_(1)_1784047036210.md,other,attached_assets/docs,.md,40290,626,0,0,0,False,False
F0286,attached_assets/EngineeringOS_analysis_summary_1784485047967.json,other,attached_assets/docs,.json,4274,202,0,0,0,False,False
F0287,attached_assets/EngineeringOS_analysis_summary_1784487574320.json,other,attached_assets/docs,.json,4274,202,0,0,0,False,False
F0288,attached_assets/EngineeringOS_analysis_summary_1784488259980.json,other,attached_assets/docs,.json,4274,202,0,0,0,False,False
F0289,attached_assets/EngineeringOS_analysis_summary_1784489456836.json,other,attached_assets/docs,.json,4274,202,0,0,0,False,False
F0290,attached_assets/EngineeringOS_api_zod_index_export_diff_1784143389744.txt,other,attached_assets/docs,.txt,162,8,0,0,0,False,False
F0291,attached_assets/EngineeringOS_architecture_analysis_report_1784040976647.md,other,attached_assets/docs,.md,10572,252,0,0,0,False,False
F0292,attached_assets/EngineeringOS_archive_entries_1784040976692.csv,other,attached_assets/docs,.csv,62290,595,0,0,0,False,False
F0293,attached_assets/EngineeringOS_archive_entries_1784041152876.csv,other,attached_assets/docs,.csv,62290,595,0,0,0,False,False
F0294,attached_assets/EngineeringOS_code_deep_analysis_1784052671648.md,other,attached_assets/docs,.md,14357,378,0,0,2,False,False
F0295,attached_assets/EngineeringOS_code_deep_analysis_1784052762652.md,other,attached_assets/docs,.md,14357,378,0,0,2,False,False
F0296,attached_assets/EngineeringOS_current_analysis_report_1784052671601.md,other,attached_assets/docs,.md,11212,263,0,0,4,False,False
F0297,attached_assets/EngineeringOS_current_analysis_report_1784052762572.md,other,attached_assets/docs,.md,11212,263,0,0,4,False,False
F0298,attached_assets/EngineeringOS_deep_analysis_report_1783800987828.md,other,attached_assets/docs,.md,14614,320,0,0,0,False,False
F0299,attached_assets/EngineeringOS_deep_dive_analysis_v2_1784152351310.md,other,attached_assets/docs,.md,13702,292,0,0,4,False,False
F0300,attached_assets/EngineeringOS_deepest_analysis_report(1)_(2)_1784154247108.md,other,attached_assets/docs,.md,8801,199,0,0,6,False,False
F0301,attached_assets/EngineeringOS_deepest_analysis_report_(1)_1784081611576.md,other,attached_assets/docs,.md,13206,257,0,0,1,False,False
F0302,attached_assets/EngineeringOS_deepest_analysis_report_(1)_1784081699061.md,other,attached_assets/docs,.md,13206,257,0,0,1,False,False
F0303,attached_assets/EngineeringOS_file_inventory_(1)_1783729892809.csv,other,attached_assets/docs,.csv,38456,357,0,0,0,False,False
F0304,attached_assets/EngineeringOS_file_inventory_current_1784052671527.csv,other,attached_assets/docs,.csv,79100,553,0,0,2,False,False
F0305,attached_assets/EngineeringOS_file_inventory_current_1784052762450.csv,other,attached_assets/docs,.csv,79100,553,0,0,2,False,False
F0306,attached_assets/EngineeringOS_file_inventory_full(2)_1783988496247.csv,other,attached_assets/docs,.csv,55061,492,0,0,28,False,False
F0307,attached_assets/EngineeringOS_file_inventory_full_1783800987783.csv,other,attached_assets/docs,.csv,28551,367,0,0,0,False,False
F0308,attached_assets/EngineeringOS_file_inventory_v2_1784427571850.csv,other,attached_assets/docs,.csv,95375,699,0,0,3,False,False
F0309,attached_assets/EngineeringOS_file_inventory_v2_1784427972718.csv,other,attached_assets/docs,.csv,95375,699,0,0,3,False,False
F0310,attached_assets/EngineeringOS_forensic_engineering_report_v2_1784427571793.md,other,attached_assets/docs,.md,18265,306,0,0,2,False,False
F0311,attached_assets/EngineeringOS_forensic_engineering_report_v2_1784427972668.md,other,attached_assets/docs,.md,18265,306,0,0,2,False,False
F0312,attached_assets/EngineeringOS_forensic_report_full(1)_1784485047923.md,other,attached_assets/docs,.md,25450,409,0,0,3,False,False
F0313,attached_assets/EngineeringOS_forensic_report_full(1)_1784487574279.md,other,attached_assets/docs,.md,25450,409,0,0,3,False,False
F0314,attached_assets/EngineeringOS_forensic_report_full(1)_1784488259926.md,other,attached_assets/docs,.md,25450,409,0,0,3,False,False
F0315,attached_assets/EngineeringOS_forensic_report_full(1)_1784489456770.md,other,attached_assets/docs,.md,25450,409,0,0,3,False,False
F0316,attached_assets/EngineeringOS_full_analysis_report_1783988496190.md,other,attached_assets/docs,.md,8762,123,0,0,0,False,False
F0317,attached_assets/EngineeringOS_full_file_inventory(1)_1784040976594.csv,other,attached_assets/docs,.csv,56563,538,0,0,0,False,False
F0318,attached_assets/EngineeringOS_full_file_inventory(1)_1784041152926.csv,other,attached_assets/docs,.csv,56563,538,0,0,0,False,False
F0319,attached_assets/EngineeringOS_full_inventory(1)_1784485047848.csv,other,attached_assets/docs,.csv,102931,724,0,0,23,False,False
F0320,attached_assets/EngineeringOS_full_inventory(1)_1784487574226.csv,other,attached_assets/docs,.csv,102931,724,0,0,23,False,False
F0321,attached_assets/EngineeringOS_full_inventory(1)_1784488259874.csv,other,attached_assets/docs,.csv,102931,724,0,0,23,False,False
F0322,attached_assets/EngineeringOS_full_inventory(1)_1784489456653.csv,other,attached_assets/docs,.csv,102931,724,0,0,23,False,False
F0323,attached_assets/EngineeringOS_minimum_path_to_vision_(1)_1783830867380.md,other,attached_assets/docs,.md,15261,274,0,0,0,False,False
F0324,attached_assets/EngineeringOS_minimum_path_to_vision_1783830816710.md,other,attached_assets/docs,.md,15261,274,0,0,0,False,False
F0325,attached_assets/EngineeringOS_operational_status_record_1783912104506.md,other,attached_assets/docs,.md,5354,52,0,0,0,False,False
F0326,attached_assets/EngineeringOS_project_analysis_report(1)_1783729892769.md,other,attached_assets/docs,.md,13022,226,0,0,1,False,False
F0327,attached_assets/EngineeringOS_provenance_registry_linked_1783911530593.json,other,attached_assets/docs,.json,422336,12985,0,0,0,False,False
F0328,attached_assets/EngineeringOS_provenance_registry_seed_1783911530658.json,other,attached_assets/docs,.json,248584,9182,0,0,0,False,False
F0329,attached_assets/EngineeringOS_replit_execution_directive_1783800987701.json,other,attached_assets/docs,.json,11716,299,0,0,0,False,False
F0330,attached_assets/EngineeringOS_replit_execution_directive_1783800987743.md,other,attached_assets/docs,.md,11867,291,0,0,0,False,False
F0331,attached_assets/EngineeringOS_series14_truth_matrix_1783966531635.md,other,attached_assets/docs,.md,13771,310,0,0,0,False,False
F0332,attached_assets/EngineeringOS_series15_deep_evidence_1783966531578.md,other,attached_assets/docs,.md,13524,443,0,0,0,False,False
F0333,attached_assets/EngineeringOS_series16_truth_matrix_(1)_1783966531512.md,other,attached_assets/docs,.md,12532,248,0,0,0,False,False
F0334,attached_assets/EngineeringOS_series17_deep_analysis_1783966531444.md,other,attached_assets/docs,.md,13745,336,0,0,0,False,False
F0335,attached_assets/EngineeringOS_series18_status_register_(1)_1783966531375.md,other,attached_assets/docs,.md,9763,150,0,0,0,False,False
F0336,attached_assets/EngineeringOS_series19_control_plane_evidence_1783966531303.md,other,attached_assets/docs,.md,14100,313,0,0,0,False,False
F0337,attached_assets/EngineeringOS_series20_status_register_1783966531239.md,other,attached_assets/docs,.md,13761,346,0,0,0,False,False
F0338,attached_assets/EngineeringOS_series21_deep_status_1783966531177.md,other,attached_assets/docs,.md,11759,230,0,0,0,False,False
F0339,attached_assets/EngineeringOS_series22_second_wave_analysis_1783966531113.md,other,attached_assets/docs,.md,7779,203,0,0,0,False,False
F0340,attached_assets/EngineeringOS_series23_self_verifying_architecture_1783966531049.md,other,attached_assets/docs,.md,10473,222,0,0,0,False,False
F0341,attached_assets/EngineeringOS_series24_deep_evidence_1783966530990.md,other,attached_assets/docs,.md,9605,216,0,0,0,False,False
F0342,attached_assets/EngineeringOS_series25_truth_register_1783966530939.md,other,attached_assets/docs,.md,11680,251,0,0,0,False,False
F0343,attached_assets/EngineeringOS_series26_boundary_analysis_1783966530884.md,other,attached_assets/docs,.md,12996,269,0,0,0,False,False
F0344,attached_assets/EngineeringOS_series27_failure_semantics_1783966530824.md,other,attached_assets/docs,.md,13504,314,0,0,0,False,False
F0345,attached_assets/EngineeringOS_series28_traceability_mesh_1783966530766.md,other,attached_assets/docs,.md,13996,228,0,0,0,False,False
F0346,attached_assets/EngineeringOS_series29_trust_boundary_register_1783966530702.md,other,attached_assets/docs,.md,9234,174,0,0,0,False,False
F0347,attached_assets/EngineeringOS_series30_release_handoff_audit_1783966530642.md,other,attached_assets/docs,.md,9762,171,0,0,0,False,False
F0348,attached_assets/EngineeringOS_series31_release_handoff_audit_1783966530586.md,other,attached_assets/docs,.md,17069,292,0,0,0,False,False
F0349,attached_assets/EngineeringOS_series32_phase_conformance_audit_1783966530537.md,other,attached_assets/docs,.md,13126,144,0,0,0,False,False
F0350,attached_assets/EngineeringOS_series33_provenance_authority_graph_1783966530470.md,other,attached_assets/docs,.md,9276,165,0,0,0,False,False
F0351,attached_assets/EngineeringOS_status_record_(1)_1783980758791.md,other,attached_assets/docs,.md,10832,63,0,0,0,False,False
F0352,attached_assets/EngineeringOS_status_register_(1)_1783818095824.md,other,attached_assets/docs,.md,47392,203,0,0,0,False,False
F0353,attached_assets/EngineeringOS_status_register_final_1783902107873.md,other,attached_assets/docs,.md,13170,172,0,0,0,False,False
F0354,attached_assets/EngineeringOS_task_backlog_1783800987875.json,other,attached_assets/docs,.json,5563,128,0,0,0,False,False
F0355,attached_assets/EngineeringOS_truth_checklist_1784322972343.md,other,attached_assets/docs,.md,92884,698,0,0,2,False,False
F0356,attached_assets/EngineeringOS_truth_checklist_1784326108247.md,other,attached_assets/docs,.md,92884,698,0,0,2,False,False
F0357,attached_assets/EngineeringOS_truth_register_current_1783825680736.md,other,attached_assets/docs,.md,33405,224,0,0,0,False,False
F0358,attached_assets/Engineering_Os_Fact_Record_1783718570175.pdf,other,attached_assets/docs,.pdf,104719,938,0,0,3,False,False
F0359,attached_assets/Engineering_Os_Phased_Completion_Plan_(1)_1783718452123.pdf,other,attached_assets/docs,.pdf,77805,735,0,0,0,False,False
F0360,attached_assets/Engineering_Os_Phased_Completion_Plan_1783718452216.pdf,other,attached_assets/docs,.pdf,77807,751,0,0,0,False,False
F0361,attached_assets/PR_BACKLOG_1784470184510.md,other,attached_assets/docs,.md,16676,250,0,0,2,False,False
F0362,attached_assets/PR_BACKLOG_1784476473246.md,other,attached_assets/docs,.md,16859,252,0,0,2,False,False
F0363,attached_assets/Pasted---1783906604381_1783906604385.txt,other,attached_assets/docs,.txt,15317,43,0,0,0,False,False
F0364,attached_assets/Pasted---1783956390496_1783956390501.txt,other,attached_assets/docs,.txt,10819,409,0,0,0,False,False
F0365,attached_assets/Pasted---1784163447147_1784163447161.txt,other,attached_assets/docs,.txt,6695,162,0,0,0,False,False
F0366,attached_assets/Pasted---1784163799356_1784163799366.txt,other,attached_assets/docs,.txt,12487,22,0,0,1,False,False
F0367,attached_assets/Pasted---1784230995192_1784230995203.txt,other,attached_assets/docs,.txt,23444,9,0,0,0,False,False
F0368,attached_assets/Pasted---1784231528183_1784231528198.txt,other,attached_assets/docs,.txt,23444,9,0,0,0,False,False
F0369,attached_assets/Pasted---1784232069146_1784232069153.txt,other,attached_assets/docs,.txt,11255,11,0,0,0,False,False
F0370,attached_assets/Pasted---1784348446604_1784348446608.txt,other,attached_assets/docs,.txt,7498,302,0,0,0,False,False
F0371,attached_assets/Pasted---1784389595241_1784389595255.txt,other,attached_assets/docs,.txt,5426,416,0,0,0,False,False
F0372,attached_assets/Pasted--1--1784078393552_1784078393558.txt,other,attached_assets/docs,.txt,11565,265,0,0,1,False,False
F0373,attached_assets/Pasted--Backlog-Execution-Backlog-v1-0--1783975284276_1783975284279.txt,other,attached_assets/docs,.txt,9560,699,0,0,0,False,False
F0374,attached_assets/Pasted--Code-Review-Plan-Groq-Scope-Save-API--1784175594438_1784175594440.txt,other,attached_assets/docs,.txt,8108,811,0,0,3,False,False
F0375,attached_assets/Pasted--Discovery-Layer--1783988471815_1783988471818.txt,other,attached_assets/docs,.txt,6388,579,0,0,0,False,False
F0376,attached_assets/Pasted--EngineeringOS--1784145653787_1784145653789.txt,other,attached_assets/docs,.txt,11451,308,0,0,1,False,False
F0377,attached_assets/Pasted--EngineeringOS-Autonomous-Project-Discovery-Onboarding-_1783565505918.txt,other,attached_assets/docs,.txt,6622,457,0,0,0,False,False
F0378,attached_assets/Pasted--EngineeringOS-Autonomous-Project-Discovery-Onboarding-_1783566150077.txt,other,attached_assets/docs,.txt,6622,457,0,0,0,False,False
F0379,attached_assets/Pasted--EngineeringOS-PR-Backlog-File-by-File-backlog--1784168_1784168977036.txt,other,attached_assets/docs,.txt,15043,412,0,0,12,False,False
F0380,attached_assets/Pasted--EngineeringOS-PR-Backlog-File-by-File-backlog--1784169_1784169315352.txt,other,attached_assets/docs,.txt,15043,412,0,0,12,False,False
F0381,attached_assets/Pasted--EngineeringOS-PR-by-PR-Execution-Pack-for-Replit-AI-PR_1784154335102.txt,other,attached_assets/docs,.txt,14305,411,0,0,2,False,False
F0382,attached_assets/Pasted--EngineeringOS-PR-by-PR-Execution-Pack-for-Replit-AI-PR_1784155079326.txt,other,attached_assets/docs,.txt,14305,411,0,0,2,False,False
F0383,attached_assets/Pasted--GROQ-API-KEY-JavaScript-Groq--1784088277237_1784088277243.txt,other,attached_assets/docs,.txt,7657,195,0,0,0,False,False
F0384,attached_assets/Pasted--Git-AI-Orchestrator-lib-ai-orchestrator-src-tools-git-_1784347517831.txt,other,attached_assets/docs,.txt,6523,171,0,0,0,False,False
F0385,attached_assets/Pasted--Knowledge-Graph-2-0--1784165514922_1784165514926.txt,other,attached_assets/docs,.txt,7420,334,0,0,0,False,False
F0386,attached_assets/Pasted--Knowledge-Graph-2-0-Checklist-File--1784165546932_1784165546935.txt,other,attached_assets/docs,.txt,11773,42,0,0,0,False,False
F0387,attached_assets/Pasted--PR--1784040954263_1784040954267.txt,other,attached_assets/docs,.txt,11758,322,0,0,0,False,False
F0388,attached_assets/Pasted--PR-01-Sync-OpenAPI-with-runtime-graph-surface-files-li_1784234215782.txt,other,attached_assets/docs,.txt,5651,57,0,0,0,False,False
F0389,attached_assets/Pasted--PR-03-Micro-Backlog-Contract-Layer-Stabilization-1-3--_1784158287520.txt,other,attached_assets/docs,.txt,7655,216,0,0,0,False,False
F0390,attached_assets/Pasted--PR-1-Hardening-Contract-Alignment-for-projects-ts-proj_1784052905584.txt,other,attached_assets/docs,.txt,5241,106,0,0,0,False,False
F0391,attached_assets/Pasted--PR-Backlog-EngineeringOS-1-Scoping-ownership-integrity_1784154359481.txt,other,attached_assets/docs,.txt,9635,280,0,0,2,False,False
F0392,attached_assets/Pasted--PR-Backlog-EngineeringOS-Execution-Alignment--17841474_1784147452495.txt,other,attached_assets/docs,.txt,8780,182,0,0,10,False,False
F0393,attached_assets/Pasted--PR-Title-fix-ai-chat-surface-AI-request-failures-and-r_1784130154946.txt,other,attached_assets/docs,.txt,5312,138,0,0,0,False,False
F0394,attached_assets/Pasted--PR-Title-fix-discovery-Classify-Project-Loading-Failur_1784086246178.txt,other,attached_assets/docs,.txt,5333,476,0,0,0,False,False
F0395,attached_assets/Pasted--PR-app-ts--1784047027177_1784047027183.txt,other,attached_assets/docs,.txt,19647,520,0,0,0,False,False
F0396,attached_assets/Pasted--PR-app-ts--1784047927706_1784047927710.txt,other,attached_assets/docs,.txt,19647,520,0,0,0,False,False
F0397,attached_assets/Pasted--PR-discovery-ts-PR-1-Discovery--1783996178319_1783996178325.txt,other,attached_assets/docs,.txt,10274,316,0,0,0,False,False
F0398,attached_assets/Pasted--PR-lib-ai-orchestrator-PR-1-Prompt-Templates--17839939_1783993953832.txt,other,attached_assets/docs,.txt,4754,191,0,0,0,False,False
F0399,attached_assets/Pasted--PR-lib-ai-orchestrator-PR-1-Prompt-Templates--17839939_1783993967887.txt,other,attached_assets/docs,.txt,4754,191,0,0,0,False,False
F0400,attached_assets/Pasted--PR-lib-ai-orchestrator-PR-1-Prompt-Templates--17839950_1783995013203.txt,other,attached_assets/docs,.txt,4754,191,0,0,0,False,False
F0401,attached_assets/Pasted--PR-title-Harden-auth-context-and-prepare-project-scope_1784044908893.txt,other,attached_assets/docs,.txt,3811,72,0,0,1,False,False
F0402,attached_assets/Pasted--PR-title-Hardening-discovery-ts-into-a-deterministic-o_1784053152915.txt,other,attached_assets/docs,.txt,5750,134,0,0,0,False,False
F0403,attached_assets/Pasted--Plan-3-Sync-fact-record-architecture-docs-3-Sync-Fact-_1783733496072.txt,other,attached_assets/docs,.txt,17691,260,0,0,1,False,False
F0404,attached_assets/Pasted--Plan-3-Sync-fact-record-architecture-docs-3-Sync-Fact-_1783790285219.txt,other,attached_assets/docs,.txt,17691,260,0,0,1,False,False
F0405,attached_assets/Pasted--Today-5-05-AM-EngineeringOS-main-66-zip-Zip-Archive-Fo_1784430667443.txt,other,attached_assets/docs,.txt,32657,868,0,0,4,False,False
F0406,attached_assets/Pasted--artifacts-api-server-src-routes-ai-ts-lib-ai-orchestra_1784388540189.txt,other,attached_assets/docs,.txt,12843,359,0,0,0,False,False
F0407,attached_assets/Pasted--artifacts-api-server-src-routes-discovery-ts--17839967_1783996711676.txt,other,attached_assets/docs,.txt,10600,317,0,0,0,False,False
F0408,attached_assets/Pasted--artifacts-api-server-src-routes-discovery-ts--17839967_1783997082105.txt,other,attached_assets/docs,.txt,10600,317,0,0,0,False,False
F0409,attached_assets/Pasted--lib-ai-orchestrator--1783993997216_1783993997218.txt,other,attached_assets/docs,.txt,8527,267,0,0,0,False,False
F0410,attached_assets/Pasted--lib-db-test-script--1784159470823_1784159470827.txt,other,attached_assets/docs,.txt,11190,202,0,0,0,False,False
F0411,attached_assets/Pasted--onboarding-o-1783988399961_1783988399964.txt,other,attached_assets/docs,.txt,4676,97,0,0,0,False,False
F0412,attached_assets/Pasted--src-context-builder-ts-src-schemas-context-schema-1784_1784305372706.txt,other,attached_assets/docs,.txt,6056,168,0,0,0,False,False
F0413,attached_assets/Pasted--test--1784245726594_1784245726598.txt,other,attached_assets/docs,.txt,11566,368,0,0,0,False,False
F0414,attached_assets/Pasted--test--1784245803493_1784245803497.txt,other,attached_assets/docs,.txt,11560,368,0,0,0,False,False
F0415,attached_assets/Pasted-7-Upgrade-Dashboard-to-Operational-UI-What-Why-Current-_1783734748019.txt,other,attached_assets/docs,.txt,2796,36,0,0,1,False,False
F0416,attached_assets/Pasted-7-Upgrade-Dashboard-to-Operational-UI-What-Why-Current-_1783798897613.txt,other,attached_assets/docs,.txt,2795,35,0,0,1,False,False
F0417,attached_assets/Pasted-PR-Title-security-ai-Harden-User-Scoped-Groq-Credential_1784127290653.txt,other,attached_assets/docs,.txt,5304,350,0,0,1,False,False
F0418,attached_assets/Pasted-Plan-6-Deepen-graph-scanner-discovery-6-Deepen-Graph-Sc_1783734658300.txt,other,attached_assets/docs,.txt,2633,35,0,0,0,False,False
F0419,attached_assets/Screenshot_٢٠٢٦٠٧٠٩-٠٦١٦٢٥_1783567039006.png,other,attached_assets/docs,.png,98945,665,0,0,2,False,False
F0420,attached_assets/Screenshot_٢٠٢٦٠٧٠٩-٠٦٢٠٣٨_1783610776566.png,other,attached_assets/docs,.png,100944,681,0,0,2,False,False
F0421,attached_assets/Screenshot_٢٠٢٦٠٧١٣-٠٣٥٣١٨_1783904118069.png,other,attached_assets/docs,.png,86583,541,0,0,4,False,False
F0422,attached_assets/Screenshot_٢٠٢٦٠٧١٣-٠٤٠٥١١_1783904724118.png,other,attached_assets/docs,.png,135875,905,0,0,1,False,False
F0423,attached_assets/Screenshot_٢٠٢٦٠٧١٣-٠٤٤٤٢٨_1783907108840.png,other,attached_assets/docs,.png,77223,408,0,0,5,False,False
F0424,attached_assets/Screenshot_٢٠٢٦٠٧١٣-٠٥٠١٣٨_1783908128704.png,other,attached_assets/docs,.png,63973,344,0,0,3,False,False
F0425,attached_assets/Screenshot_٢٠٢٦٠٧١٣-٠٥١٤٥٤_1783908924873.png,other,attached_assets/docs,.png,77952,427,0,0,1,False,False
F0426,attached_assets/Screenshot_٢٠٢٦٠٧١٣-٠٥١٩٤٨_1783909201747.png,other,attached_assets/docs,.png,72233,435,0,0,4,False,False
F0427,attached_assets/Screenshot_٢٠٢٦٠٧١٦-٠٧٣٧٤٤_1784176683628.png,other,attached_assets/docs,.png,162953,1094,0,0,1,False,False
F0428,attached_assets/Screenshot_٢٠٢٦٠٧١٦-١٨٣٠٤١_1784216000977.png,other,attached_assets/docs,.png,98245,585,0,0,2,False,False
F0429,attached_assets/Screenshot_٢٠٢٦٠٧١٦-١٨٣٠٤٦_1784216000942.png,other,attached_assets/docs,.png,108546,747,0,0,0,False,False
F0430,attached_assets/Screenshot_٢٠٢٦٠٧١٨-٠١٠٨١٠_1784326132441.png,other,attached_assets/docs,.png,113984,745,0,0,0,False,False
F0431,attached_assets/Screenshot_٢٠٢٦٠٧١٨-٠٦١٢٠٢_1784344398002.png,other,attached_assets/docs,.png,111052,696,0,0,4,False,False
F0432,attached_assets/Screenshot_٢٠٢٦٠٧١٨-٠٦١٢٤٢_1784344397966.png,other,attached_assets/docs,.png,105598,631,0,0,1,False,False
F0433,attached_assets/Screenshot_٢٠٢٦٠٧١٨-٠٦١٢٤٦_1784344397931.png,other,attached_assets/docs,.png,111762,674,0,0,7,False,False
F0434,attached_assets/Screenshot_٢٠٢٦٠٧١٨-٠٦١٩١٠_1784344762476.png,other,attached_assets/docs,.png,109406,706,0,0,3,False,False
F0435,attached_assets/Screenshot_٢٠٢٦٠٧١٩-٠٤٣٥١٧_1784424954601.png,other,attached_assets/docs,.png,137147,954,0,0,3,False,False
F0436,attached_assets/Screenshot_٢٠٢٦٠٧١٩-٠٤٣٥٢١_1784424954559.png,other,attached_assets/docs,.png,194701,1344,0,0,1,False,False
F0437,attached_assets/agents_(1)_1783564013722.zip,other,attached_assets/docs,.zip,256,1,0,0,0,False,False
F0438,attached_assets/ai_orchestrator_deep_dive_(1)_1783994021466.md,other,attached_assets/docs,.md,10648,269,0,0,0,False,False
F0439,attached_assets/artifacts_(7)_(1)_1783564013761.zip,other,attached_assets/docs,.zip,1668739,12416,0,0,1,False,False
F0440,attached_assets/engineeringos_forensic_analysis_1784431635464.md,other,attached_assets/docs,.md,108670,1134,0,0,22,False,False
F0441,attached_assets/engineeringos_forensic_analysis_complete_1784431954519.md,other,attached_assets/docs,.md,189018,1101,0,0,88,False,False
F0442,attached_assets/engineeringos_forensic_analysis_complete_1784476328406.md,other,attached_assets/docs,.md,189018,1101,0,0,88,False,False
F0443,attached_assets/git_(2)_1783564013691.zip,other,attached_assets/docs,.zip,134,4,0,0,0,False,False
F0444,attached_assets/gitattributes_1783564013915.txt,other,attached_assets/docs,.txt,92,2,0,0,0,False,False
F0445,attached_assets/gitignore_(1)_1783564013965.txt,other,attached_assets/docs,.txt,668,50,0,0,0,False,False
F0446,attached_assets/lib_(7)_(1)_1783564013810.zip,other,attached_assets/docs,.zip,219450,1321,0,0,0,False,False
F0447,attached_assets/node_modules_(2)_1783564014266.zip,other,attached_assets/docs,.zip,22,1,0,0,0,False,False
F0448,attached_assets/npmrc_(2)_1783564014024.txt,other,attached_assets/docs,.txt,56,3,0,0,0,False,False
F0449,attached_assets/package_(1)_(7)_1783564014328.json,other,attached_assets/docs,.json,649,20,0,0,0,False,False
F0450,attached_assets/pnpm-lock.yaml_(3)_1783564014392.txt,other,attached_assets/docs,.txt,210264,5574,0,0,2,False,False
F0451,attached_assets/pnpm-workspace.yaml_(3)_1783564014449.txt,other,attached_assets/docs,.txt,6579,161,0,0,0,False,False
F0452,attached_assets/pr-backlog-ai-orchestrator_1784306020062.md,other,attached_assets/docs,.md,15737,373,0,0,0,False,False
F0453,attached_assets/replit_(13)_1783564014085.md,other,attached_assets/docs,.md,1521,46,0,0,0,False,False
F0454,attached_assets/replit_(2)_1783564014509.txt,other,attached_assets/docs,.txt,372,24,0,0,0,False,False
F0455,attached_assets/replitignore_1783564014569.txt,other,attached_assets/docs,.txt,201,6,0,0,0,False,False
F0456,attached_assets/scripts_(8)_1783564013865.zip,other,attached_assets/docs,.zip,11642,69,0,0,0,False,False
F0457,attached_assets/tsconfig.base_(2)_(1)_1783564014142.json,other,attached_assets/docs,.json,692,27,0,0,0,False,False
F0458,attached_assets/tsconfig_(7)_1783564014202.json,other,attached_assets/docs,.json,279,20,0,0,0,False,False
F0459,attached_assets/تحليل_EngineeringOS_1783804577785.docx,other,attached_assets/docs,.docx,20978,132,0,0,0,False,False
F0460,attached_assets/خطة_العمل_التنفيذية_لمشروع_EngineeringOS_1783729892699.docx,other,attached_assets/docs,.docx,18423,116,0,0,0,False,False
F0461,docs/ENGINEERINGOS_MASTER_EXECUTION_CONSTITUTION.md,other,docs,.md,17268,467,0,0,0,False,False
F0462,docs/EXECUTION_ALIGNMENT_REPORT.md,other,docs,.md,7369,90,0,0,7,False,False
F0463,docs/PLACEHOLDER_REGISTER.md,other,docs,.md,8356,55,0,0,20,False,False
F0464,docs/PR_BACKLOG.md,other,docs,.md,16676,250,0,0,2,False,False
F0465,docs/RUNTIME_EXECUTION_MATRIX.md,other,docs,.md,3811,27,0,0,2,False,False
F0466,docs/ai-orchestrator-executive-table.md,other,docs,.md,16654,35,0,0,0,False,False
F0467,docs/ai-orchestrator-forensic-analysis.md,other,docs,.md,30657,428,0,0,0,False,False
F0468,docs/ai-orchestrator-gap-analysis.md,other,docs,.md,14463,158,0,0,2,False,False
F0469,docs/ai-orchestrator-trace-analysis.md,other,docs,.md,14464,224,0,0,0,False,False
F0470,docs/completion-plan.md,other,docs,.md,44901,540,0,0,1,False,False
F0471,docs/fact-record.md,other,docs,.md,153257,648,0,0,6,False,False
F0472,docs/pr-backlog-ai-orchestrator.md,other,docs,.md,15737,373,0,0,0,False,False
F0473,docs/truth-flow-pr-checklist.md,other,docs,.md,4636,81,0,0,0,False,False
F0474,docs/truth-flow-pr-review-plan.md,other,docs,.md,21128,515,0,0,1,False,False
F0475,lib/ai-orchestrator/package.json,ai-orchestrator,ai-orchestrator,.json,530,26,0,0,0,False,False
F0476,lib/ai-orchestrator/src/__tests__/chat-agent.test.ts,ai-orchestrator,ai-orchestrator,.ts,6564,197,2,0,0,True,False
F0477,lib/ai-orchestrator/src/__tests__/file-tools.test.ts,ai-orchestrator,ai-orchestrator,.ts,3400,82,1,0,0,True,False
F0478,lib/ai-orchestrator/src/__tests__/groq-client.test.ts,ai-orchestrator,ai-orchestrator,.ts,8271,230,0,0,0,True,False
F0479,lib/ai-orchestrator/src/__tests__/parsing.test.ts,ai-orchestrator,ai-orchestrator,.ts,4864,119,1,0,0,True,False
F0480,lib/ai-orchestrator/src/__tests__/schemas.test.ts,ai-orchestrator,ai-orchestrator,.ts,10914,320,4,0,0,True,False
F0481,lib/ai-orchestrator/src/__tests__/workflow-orchestrator.test.ts,ai-orchestrator,ai-orchestrator,.ts,22740,442,2,0,0,True,False
F0482,lib/ai-orchestrator/src/agents/chat-agent.ts,ai-orchestrator,ai-orchestrator,.ts,19426,412,8,0,0,False,False
F0483,lib/ai-orchestrator/src/agents/code-reviewer.ts,ai-orchestrator,ai-orchestrator,.ts,2172,57,6,0,0,False,False
F0484,lib/ai-orchestrator/src/agents/scan-analyst.ts,ai-orchestrator,ai-orchestrator,.ts,2208,54,6,0,0,False,False
F0485,lib/ai-orchestrator/src/agents/task-agent.ts,ai-orchestrator,ai-orchestrator,.ts,2744,66,6,0,0,False,False
F0486,lib/ai-orchestrator/src/agents/workflow-orchestrator.ts,ai-orchestrator,ai-orchestrator,.ts,9965,242,5,0,0,False,False
F0487,lib/ai-orchestrator/src/context-builder.test.ts,ai-orchestrator,ai-orchestrator,.ts,12443,293,2,0,0,True,False
F0488,lib/ai-orchestrator/src/context-builder.ts,ai-orchestrator,ai-orchestrator,.ts,19080,358,1,0,2,False,False
F0489,lib/ai-orchestrator/src/errors.ts,ai-orchestrator,ai-orchestrator,.ts,2081,61,0,0,0,False,False
F0490,lib/ai-orchestrator/src/groq-client.ts,ai-orchestrator,ai-orchestrator,.ts,17890,492,1,0,0,False,False
F0491,lib/ai-orchestrator/src/index.ts,ai-orchestrator,ai-orchestrator,.ts,1259,29,10,0,0,False,False
F0492,lib/ai-orchestrator/src/parsing.ts,ai-orchestrator,ai-orchestrator,.ts,3877,109,1,0,0,False,False
F0493,lib/ai-orchestrator/src/prompts/chat.prompt.ts,ai-orchestrator,ai-orchestrator,.ts,6461,87,1,0,0,False,False
F0494,lib/ai-orchestrator/src/prompts/index.ts,ai-orchestrator,ai-orchestrator,.ts,424,6,5,0,0,False,False
F0495,lib/ai-orchestrator/src/prompts/review.prompt.ts,ai-orchestrator,ai-orchestrator,.ts,3940,64,1,0,0,False,False
F0496,lib/ai-orchestrator/src/prompts/scan.prompt.ts,ai-orchestrator,ai-orchestrator,.ts,3530,48,1,0,0,False,False
F0497,lib/ai-orchestrator/src/prompts/task.prompt.ts,ai-orchestrator,ai-orchestrator,.ts,3220,59,1,0,0,False,False
F0498,lib/ai-orchestrator/src/prompts/workflow.prompt.ts,ai-orchestrator,ai-orchestrator,.ts,4077,76,2,0,0,False,False
F0499,lib/ai-orchestrator/src/schemas/chat.schema.ts,ai-orchestrator,ai-orchestrator,.ts,2461,59,0,0,0,False,False
F0500,lib/ai-orchestrator/src/schemas/code-review.schema.ts,ai-orchestrator,ai-orchestrator,.ts,1118,27,0,0,0,False,False
F0501,lib/ai-orchestrator/src/schemas/context.schema.ts,ai-orchestrator,ai-orchestrator,.ts,932,26,0,0,0,False,False
F0502,lib/ai-orchestrator/src/schemas/index.ts,ai-orchestrator,ai-orchestrator,.ts,961,18,6,0,0,False,False
F0503,lib/ai-orchestrator/src/schemas/scan.schema.ts,ai-orchestrator,ai-orchestrator,.ts,800,22,1,0,0,False,False
F0504,lib/ai-orchestrator/src/schemas/task.schema.ts,ai-orchestrator,ai-orchestrator,.ts,398,12,0,0,0,False,False
F0505,lib/ai-orchestrator/src/schemas/workflow.schema.ts,ai-orchestrator,ai-orchestrator,.ts,4236,103,0,0,0,False,False
F0506,lib/ai-orchestrator/src/tools/file-tools.ts,ai-orchestrator,ai-orchestrator,.ts,18675,421,1,0,0,False,False
F0507,lib/ai-orchestrator/src/tools/git-tools.ts,ai-orchestrator,ai-orchestrator,.ts,4976,137,0,0,0,False,False
F0508,lib/ai-orchestrator/tsconfig.json,ai-orchestrator,ai-orchestrator,.json,298,16,0,0,0,False,False
F0509,lib/ai-orchestrator/vitest.config.ts,ai-orchestrator,ai-orchestrator,.ts,304,15,0,0,0,False,False
F0510,lib/api-client-react/package.json,api-client-react,generated-client,.json,265,16,0,0,0,False,False
F0511,lib/api-client-react/src/custom-fetch.ts,api-client-react,generated-client,.ts,11377,372,0,2,0,False,False
F0512,lib/api-client-react/src/generated/api.schemas.ts,api-client-react,generated-client,.ts,29801,1306,0,2,0,False,True
F0513,lib/api-client-react/src/generated/api.ts,api-client-react,generated-client,.ts,179043,5949,2,1,0,False,True
F0514,lib/api-client-react/src/index.ts,api-client-react,generated-client,.ts,469,15,4,0,0,False,False
F0515,lib/api-client-react/src/project-error.ts,api-client-react,generated-client,.ts,5928,167,1,1,0,False,False
F0516,lib/api-client-react/tsconfig.json,api-client-react,generated-client,.json,251,13,0,0,0,False,False
F0517,lib/api-spec/openapi.yaml,api-spec,api-spec,.yaml,97297,3544,0,0,0,False,True
F0518,lib/api-spec/orval.config.ts,api-spec,api-spec,.ts,1959,75,0,0,0,False,False
F0519,lib/api-spec/package.json,api-spec,api-spec,.json,307,12,0,0,0,False,False
F0520,lib/api-zod/package.json,api-zod,generated-zod,.json,189,13,0,0,0,False,False
F0521,lib/api-zod/src/generated/api.ts,api-zod,generated-zod,.ts,106499,2507,0,1,0,False,True
F0522,lib/api-zod/src/generated/types/aiApplyChangesRequest.ts,api-zod,generated-zod,.ts,368,14,1,1,0,False,True
F0523,lib/api-zod/src/generated/types/aiApplyChangesRequestChangesItem.ts,api-zod,generated-zod,.ts,279,14,0,2,0,False,True
F0524,lib/api-zod/src/generated/types/aiApplyChangesResult.ts,api-zod,generated-zod,.ts,343,13,1,1,0,False,True
F0525,lib/api-zod/src/generated/types/aiApplyChangesResultResultsItem.ts,api-zod,generated-zod,.ts,265,14,0,2,0,False,True
F0526,lib/api-zod/src/generated/types/aiChatMessage.ts,api-zod,generated-zod,.ts,389,18,1,2,0,False,True
F0527,lib/api-zod/src/generated/types/aiChatMessageRole.ts,api-zod,generated-zod,.ts,366,17,0,2,0,False,True
F0528,lib/api-zod/src/generated/types/aiChatOutput.ts,api-zod,generated-zod,.ts,498,18,2,1,0,False,True
F0529,lib/api-zod/src/generated/types/aiChatRequest.ts,api-zod,generated-zod,.ts,262,14,0,1,0,False,True
F0530,lib/api-zod/src/generated/types/aiChatSession.ts,api-zod,generated-zod,.ts,290,16,0,1,0,False,True
F0531,lib/api-zod/src/generated/types/aiCodeIssue.ts,api-zod,generated-zod,.ts,466,19,2,2,0,False,True
F0532,lib/api-zod/src/generated/types/aiCodeIssueSeverity.ts,api-zod,generated-zod,.ts,386,18,0,2,0,False,True
F0533,lib/api-zod/src/generated/types/aiCodeIssueType.ts,api-zod,generated-zod,.ts,414,19,0,2,0,False,True
F0534,lib/api-zod/src/generated/types/aiCodeReview.ts,api-zod,generated-zod,.ts,506,20,2,1,0,False,True
F0535,lib/api-zod/src/generated/types/aiCodeReviewVerdict.ts,api-zod,generated-zod,.ts,402,17,0,2,0,False,True
F0536,lib/api-zod/src/generated/types/aiOrchestrateRequest.ts,api-zod,generated-zod,.ts,237,12,0,1,0,False,True
F0537,lib/api-zod/src/generated/types/aiOrchestrationDecision.ts,api-zod,generated-zod,.ts,436,17,1,1,0,False,True
F0538,lib/api-zod/src/generated/types/aiOrchestrationDecisionAction.ts,api-zod,generated-zod,.ts,430,18,0,2,0,False,True
F0539,lib/api-zod/src/generated/types/aiPendingChange.ts,api-zod,generated-zod,.ts,621,21,0,2,0,False,True
F0540,lib/api-zod/src/generated/types/aiReviewRequest.ts,api-zod,generated-zod,.ts,330,13,1,1,0,False,True
F0541,lib/api-zod/src/generated/types/aiReviewRequestFileContents.ts,api-zod,generated-zod,.ts,232,10,0,2,0,False,True
F0542,lib/api-zod/src/generated/types/aiScanAnalysis.ts,api-zod,generated-zod,.ts,382,17,1,1,0,False,True
F0543,lib/api-zod/src/generated/types/aiScanInsight.ts,api-zod,generated-zod,.ts,476,18,2,2,0,False,True
F0544,lib/api-zod/src/generated/types/aiScanInsightCategory.ts,api-zod,generated-zod,.ts,474,19,0,2,0,False,True
F0545,lib/api-zod/src/generated/types/aiScanInsightSeverity.ts,api-zod,generated-zod,.ts,394,18,0,2,0,False,True
F0546,lib/api-zod/src/generated/types/createProjectInput.ts,api-zod,generated-zod,.ts,307,16,0,1,0,False,True
F0547,lib/api-zod/src/generated/types/createRuleInput.ts,api-zod,generated-zod,.ts,432,20,1,1,0,False,True
F0548,lib/api-zod/src/generated/types/createTaskInput.ts,api-zod,generated-zod,.ts,453,21,1,1,0,False,True
F0549,lib/api-zod/src/generated/types/createWorkflowInput.ts,api-zod,generated-zod,.ts,348,16,1,1,0,False,True
F0550,lib/api-zod/src/generated/types/dashboardOverview.ts,api-zod,generated-zod,.ts,820,23,4,1,0,False,True
F0551,lib/api-zod/src/generated/types/dashboardOverviewProjectScoresItem.ts,api-zod,generated-zod,.ts,436,16,1,2,0,False,True
F0552,lib/api-zod/src/generated/types/dashboardOverviewProjectScoresItemTrend.ts,api-zod,generated-zod,.ts,464,17,0,2,0,False,True
F0553,lib/api-zod/src/generated/types/dashboardOverviewTaskStatusBreakdown.ts,api-zod,generated-zod,.ts,241,10,0,2,0,False,True
F0554,lib/api-zod/src/generated/types/dashboardOverviewTopRulesItem.ts,api-zod,generated-zod,.ts,285,15,0,2,0,False,True
F0555,lib/api-zod/src/generated/types/deleteGroqKey200.ts,api-zod,generated-zod,.ts,224,12,0,1,0,False,True
F0556,lib/api-zod/src/generated/types/discoveryGraphSummaryData.ts,api-zod,generated-zod,.ts,598,17,2,2,0,False,True
F0557,lib/api-zod/src/generated/types/discoveryGraphSummaryDataEntitiesByType.ts,api-zod,generated-zod,.ts,244,10,0,2,0,False,True
F0558,lib/api-zod/src/generated/types/discoveryGraphSummaryDataFilesByLanguage.ts,api-zod,generated-zod,.ts,245,10,0,2,0,False,True
F0559,lib/api-zod/src/generated/types/discoveryOptions.ts,api-zod,generated-zod,.ts,347,19,0,2,0,False,True
F0560,lib/api-zod/src/generated/types/discoveryReport.ts,api-zod,generated-zod,.ts,1286,47,2,1,0,False,True
F0561,lib/api-zod/src/generated/types/discoveryRuleViolationItem.ts,api-zod,generated-zod,.ts,283,15,0,2,0,False,True
F0562,lib/api-zod/src/generated/types/discoverySessionStatus.ts,api-zod,generated-zod,.ts,676,26,2,1,0,False,True
F0563,lib/api-zod/src/generated/types/discoverySessionStatusStatus.ts,api-zod,generated-zod,.ts,460,19,0,2,0,False,True
F0564,lib/api-zod/src/generated/types/discoverySourceCapability.ts,api-zod,generated-zod,.ts,412,19,1,1,0,False,True
F0565,lib/api-zod/src/generated/types/discoverySourceConfig.ts,api-zod,generated-zod,.ts,909,27,1,2,0,False,True
F0566,lib/api-zod/src/generated/types/discoverySourceConfigCredentials.ts,api-zod,generated-zod,.ts,323,16,0,2,0,False,True
F0567,lib/api-zod/src/generated/types/discoveryStepItem.ts,api-zod,generated-zod,.ts,378,16,1,2,0,False,True
F0568,lib/api-zod/src/generated/types/discoveryStepItemStatus.ts,api-zod,generated-zod,.ts,406,18,0,2,0,False,True
F0569,lib/api-zod/src/generated/types/entityType.ts,api-zod,generated-zod,.ts,418,22,0,3,0,False,True
F0570,lib/api-zod/src/generated/types/evaluateRuleRequest.ts,api-zod,generated-zod,.ts,227,12,0,1,0,False,True
F0571,lib/api-zod/src/generated/types/event.ts,api-zod,generated-zod,.ts,714,24,2,3,0,False,True
F0572,lib/api-zod/src/generated/types/eventPayload.ts,api-zod,generated-zod,.ts,220,10,0,2,0,False,True
F0573,lib/api-zod/src/generated/types/eventSeverity.ts,api-zod,generated-zod,.ts,366,18,0,2,0,False,True
F0574,lib/api-zod/src/generated/types/failWorkflowPhaseInput.ts,api-zod,generated-zod,.ts,227,12,0,1,0,False,True
F0575,lib/api-zod/src/generated/types/getGraphEntityImpact404.ts,api-zod,generated-zod,.ts,225,12,0,1,0,False,True
F0576,lib/api-zod/src/generated/types/getGraphEntityImpactParams.ts,api-zod,generated-zod,.ts,284,17,0,1,0,False,True
F0577,lib/api-zod/src/generated/types/getGraphEntityNeighbors200.ts,api-zod,generated-zod,.ts,440,17,2,1,0,False,True
F0578,lib/api-zod/src/generated/types/getGraphEntityNeighbors404.ts,api-zod,generated-zod,.ts,228,12,0,1,0,False,True
F0579,lib/api-zod/src/generated/types/getGraphEvidence403.ts,api-zod,generated-zod,.ts,221,12,0,1,0,False,True
F0580,lib/api-zod/src/generated/types/getGraphEvidence404.ts,api-zod,generated-zod,.ts,221,12,0,1,0,False,True
F0581,lib/api-zod/src/generated/types/getGraphPathParams.ts,api-zod,generated-zod,.ts,288,18,0,1,0,False,True
F0582,lib/api-zod/src/generated/types/getGraphRuntimeSubgraph403.ts,api-zod,generated-zod,.ts,228,12,0,1,0,False,True
F0583,lib/api-zod/src/generated/types/getGraphRuntimeSubgraph404.ts,api-zod,generated-zod,.ts,228,12,0,1,0,False,True
F0584,lib/api-zod/src/generated/types/getGraphSemanticNeighborhood400.ts,api-zod,generated-zod,.ts,233,12,0,1,0,False,True
F0585,lib/api-zod/src/generated/types/getGraphSemanticNeighborhood403.ts,api-zod,generated-zod,.ts,233,12,0,1,0,False,True
F0586,lib/api-zod/src/generated/types/getGraphSemanticNeighborhood404.ts,api-zod,generated-zod,.ts,233,12,0,1,0,False,True
F0587,lib/api-zod/src/generated/types/getGraphSemanticNeighborhoodParams.ts,api-zod,generated-zod,.ts,414,22,0,1,0,False,True
F0588,lib/api-zod/src/generated/types/getGraphSubgraph400.ts,api-zod,generated-zod,.ts,221,12,0,1,0,False,True
F0589,lib/api-zod/src/generated/types/getGraphSubgraph403.ts,api-zod,generated-zod,.ts,221,12,0,1,0,False,True
F0590,lib/api-zod/src/generated/types/getGraphSubgraph404.ts,api-zod,generated-zod,.ts,221,12,0,1,0,False,True
F0591,lib/api-zod/src/generated/types/getGraphSubgraphParams.ts,api-zod,generated-zod,.ts,365,18,0,1,0,False,True
F0592,lib/api-zod/src/generated/types/getLatestMetricsParams.ts,api-zod,generated-zod,.ts,227,12,0,1,0,False,True
F0593,lib/api-zod/src/generated/types/gitCommitEntry.ts,api-zod,generated-zod,.ts,466,21,0,2,0,False,True
F0594,lib/api-zod/src/generated/types/gitCommitInput.ts,api-zod,generated-zod,.ts,337,16,0,1,0,False,True
F0595,lib/api-zod/src/generated/types/gitConfig.ts,api-zod,generated-zod,.ts,371,15,0,1,0,False,True
F0596,lib/api-zod/src/generated/types/gitHubTokenStatus.ts,api-zod,generated-zod,.ts,358,15,0,1,0,False,True
F0597,lib/api-zod/src/generated/types/gitLog.ts,api-zod,generated-zod,.ts,278,13,1,1,0,False,True
F0598,lib/api-zod/src/generated/types/gitOperationResult.ts,api-zod,generated-zod,.ts,319,14,0,1,0,False,True
F0599,lib/api-zod/src/generated/types/gitPushResult.ts,api-zod,generated-zod,.ts,369,16,0,1,0,False,True
F0600,lib/api-zod/src/generated/types/gitStatus.ts,api-zod,generated-zod,.ts,346,15,1,1,0,False,True
F0601,lib/api-zod/src/generated/types/gitStatusFile.ts,api-zod,generated-zod,.ts,355,15,0,2,0,False,True
F0602,lib/api-zod/src/generated/types/graphCentralityScore.ts,api-zod,generated-zod,.ts,335,17,0,2,0,False,True
F0603,lib/api-zod/src/generated/types/graphEdgeType.ts,api-zod,generated-zod,.ts,551,26,0,2,0,False,True
F0604,lib/api-zod/src/generated/types/graphEntity.ts,api-zod,generated-zod,.ts,1474,44,3,9,0,False,True
F0605,lib/api-zod/src/generated/types/graphEntityMetadata.ts,api-zod,generated-zod,.ts,227,10,0,2,0,False,True
F0606,lib/api-zod/src/generated/types/graphEvidence.ts,api-zod,generated-zod,.ts,499,21,1,3,0,False,True
F0607,lib/api-zod/src/generated/types/graphEvidenceBundle.ts,api-zod,generated-zod,.ts,386,15,2,2,0,False,True
F0608,lib/api-zod/src/generated/types/graphEvidenceKind.ts,api-zod,generated-zod,.ts,510,20,0,2,0,False,True
F0609,lib/api-zod/src/generated/types/graphEvidenceResponse.ts,api-zod,generated-zod,.ts,382,15,2,1,0,False,True
F0610,lib/api-zod/src/generated/types/graphImpactHop.ts,api-zod,generated-zod,.ts,435,17,2,2,0,False,True
F0611,lib/api-zod/src/generated/types/graphImpactResult.ts,api-zod,generated-zod,.ts,388,16,2,1,0,False,True
F0612,lib/api-zod/src/generated/types/graphLayerCounts.ts,api-zod,generated-zod,.ts,255,13,0,2,0,False,True
F0613,lib/api-zod/src/generated/types/graphPathResult.ts,api-zod,generated-zod,.ts,319,15,1,1,0,False,True
F0614,lib/api-zod/src/generated/types/graphPathStep.ts,api-zod,generated-zod,.ts,371,15,2,2,0,False,True
F0615,lib/api-zod/src/generated/types/graphProvenance.ts,api-zod,generated-zod,.ts,437,16,0,3,0,False,True
F0616,lib/api-zod/src/generated/types/graphRelationship.ts,api-zod,generated-zod,.ts,1903,55,4,8,0,False,True
F0617,lib/api-zod/src/generated/types/graphRelationshipMetadata.ts,api-zod,generated-zod,.ts,233,10,0,2,0,False,True
F0618,lib/api-zod/src/generated/types/graphRuntimeSubgraph.ts,api-zod,generated-zod,.ts,384,15,2,1,0,False,True
F0619,lib/api-zod/src/generated/types/graphSemanticNeighborhood.ts,api-zod,generated-zod,.ts,410,16,2,1,0,False,True
F0620,lib/api-zod/src/generated/types/graphSubgraph.ts,api-zod,generated-zod,.ts,579,19,4,1,0,False,True
F0621,lib/api-zod/src/generated/types/graphSubgraphFilters.ts,api-zod,generated-zod,.ts,413,21,0,2,0,False,True
F0622,lib/api-zod/src/generated/types/graphSubgraphLayered.ts,api-zod,generated-zod,.ts,357,15,1,2,0,False,True
F0623,lib/api-zod/src/generated/types/graphSummary.ts,api-zod,generated-zod,.ts,706,23,3,1,0,False,True
F0624,lib/api-zod/src/generated/types/graphSummaryEntitiesByType.ts,api-zod,generated-zod,.ts,231,10,0,2,0,False,True
F0625,lib/api-zod/src/generated/types/graphSummaryRelationsByType.ts,api-zod,generated-zod,.ts,232,10,0,2,0,False,True
F0626,lib/api-zod/src/generated/types/groqKeyStatus.ts,api-zod,generated-zod,.ts,400,19,0,1,0,False,True
F0627,lib/api-zod/src/generated/types/healthStatus.ts,api-zod,generated-zod,.ts,293,13,1,1,0,False,True
F0628,lib/api-zod/src/generated/types/healthStatusStatus.ts,api-zod,generated-zod,.ts,320,15,0,2,0,False,True
F0629,lib/api-zod/src/generated/types/importProjectInput.ts,api-zod,generated-zod,.ts,353,14,1,1,0,False,True
F0630,lib/api-zod/src/generated/types/importProjectInputOverrides.ts,api-zod,generated-zod,.ts,296,15,0,2,0,False,True
F0631,lib/api-zod/src/generated/types/index.ts,api-zod,generated-zod,.ts,6114,163,154,1,0,False,True
F0632,lib/api-zod/src/generated/types/listAiChatSessionsParams.ts,api-zod,generated-zod,.ts,228,12,0,1,0,False,True
F0633,lib/api-zod/src/generated/types/listEventsParams.ts,api-zod,generated-zod,.ts,342,18,0,1,0,False,True
F0634,lib/api-zod/src/generated/types/listGraphEntitiesParams.ts,api-zod,generated-zod,.ts,295,14,1,1,0,False,True
F0635,lib/api-zod/src/generated/types/listGraphRelationshipsParams.ts,api-zod,generated-zod,.ts,252,13,0,1,0,False,True
F0636,lib/api-zod/src/generated/types/listMetricsParams.ts,api-zod,generated-zod,.ts,245,14,0,1,0,False,True
F0637,lib/api-zod/src/generated/types/listRulesParams.ts,api-zod,generated-zod,.ts,297,14,1,1,0,False,True
F0638,lib/api-zod/src/generated/types/listTasksParams.ts,api-zod,generated-zod,.ts,366,16,2,1,0,False,True
F0639,lib/api-zod/src/generated/types/listWorkflowsParams.ts,api-zod,generated-zod,.ts,224,12,0,1,0,False,True
F0640,lib/api-zod/src/generated/types/metricRecord.ts,api-zod,generated-zod,.ts,660,27,1,2,0,False,True
F0641,lib/api-zod/src/generated/types/metricRecordBuildStatus.ts,api-zod,generated-zod,.ts,394,17,0,2,0,False,True
F0642,lib/api-zod/src/generated/types/plugin.ts,api-zod,generated-zod,.ts,433,19,1,1,0,False,True
F0643,lib/api-zod/src/generated/types/pluginCapabilitiesItem.ts,api-zod,generated-zod,.ts,436,19,0,2,0,False,True
F0644,lib/api-zod/src/generated/types/pluginProjectRequest.ts,api-zod,generated-zod,.ts,228,12,0,1,0,False,True
F0645,lib/api-zod/src/generated/types/project.ts,api-zod,generated-zod,.ts,584,25,1,1,0,False,True
F0646,lib/api-zod/src/generated/types/projectStatus.ts,api-zod,generated-zod,.ts,376,18,0,2,0,False,True
F0647,lib/api-zod/src/generated/types/projectSummary.ts,api-zod,generated-zod,.ts,508,19,3,1,0,False,True
F0648,lib/api-zod/src/generated/types/projectSummaryTaskCounts.ts,api-zod,generated-zod,.ts,303,16,0,2,0,False,True
F0649,lib/api-zod/src/generated/types/rule.ts,api-zod,generated-zod,.ts,514,25,1,1,0,False,True
F0650,lib/api-zod/src/generated/types/ruleEvaluationResult.ts,api-zod,generated-zod,.ts,424,17,1,1,0,False,True
F0651,lib/api-zod/src/generated/types/ruleEvaluationResultMatchesItem.ts,api-zod,generated-zod,.ts,267,14,0,2,0,False,True
F0652,lib/api-zod/src/generated/types/ruleSeverity.ts,api-zod,generated-zod,.ts,374,19,0,5,0,False,True
F0653,lib/api-zod/src/generated/types/saveGitHubTokenInput.ts,api-zod,generated-zod,.ts,327,16,0,1,0,False,True
F0654,lib/api-zod/src/generated/types/saveGroqKeyInput.ts,api-zod,generated-zod,.ts,321,16,0,1,0,False,True
F0655,lib/api-zod/src/generated/types/scanJob.ts,api-zod,generated-zod,.ts,739,24,2,1,0,False,True
F0656,lib/api-zod/src/generated/types/scanJobStatus.ts,api-zod,generated-zod,.ts,376,18,0,2,0,False,True
F0657,lib/api-zod/src/generated/types/scanResult.ts,api-zod,generated-zod,.ts,329,17,0,2,0,False,True
F0658,lib/api-zod/src/generated/types/sourceType.ts,api-zod,generated-zod,.ts,498,20,0,3,0,False,True
F0659,lib/api-zod/src/generated/types/startDiscoveryInput.ts,api-zod,generated-zod,.ts,479,17,3,1,0,False,True
F0660,lib/api-zod/src/generated/types/task.ts,api-zod,generated-zod,.ts,784,33,3,1,0,False,True
F0661,lib/api-zod/src/generated/types/taskLog.ts,api-zod,generated-zod,.ts,427,19,2,1,0,False,True
F0662,lib/api-zod/src/generated/types/taskLogLevel.ts,api-zod,generated-zod,.ts,352,18,0,2,0,False,True
F0663,lib/api-zod/src/generated/types/taskLogMetadata.ts,api-zod,generated-zod,.ts,223,10,0,2,0,False,True
F0664,lib/api-zod/src/generated/types/taskPriority.ts,api-zod,generated-zod,.ts,332,18,0,5,0,False,True
F0665,lib/api-zod/src/generated/types/taskStatus.ts,api-zod,generated-zod,.ts,438,21,0,4,0,False,True
F0666,lib/api-zod/src/generated/types/updateGitConfigInput.ts,api-zod,generated-zod,.ts,370,15,0,1,0,False,True
F0667,lib/api-zod/src/generated/types/updateProjectInput.ts,api-zod,generated-zod,.ts,359,15,1,1,0,False,True
F0668,lib/api-zod/src/generated/types/updateProjectInputStatus.ts,api-zod,generated-zod,.ts,420,18,0,2,0,False,True
F0669,lib/api-zod/src/generated/types/updateRuleInput.ts,api-zod,generated-zod,.ts,391,18,1,1,0,False,True
F0670,lib/api-zod/src/generated/types/updateTaskInput.ts,api-zod,generated-zod,.ts,394,17,2,1,0,False,True
F0671,lib/api-zod/src/generated/types/verificationResult.ts,api-zod,generated-zod,.ts,346,14,1,2,0,False,True
F0672,lib/api-zod/src/generated/types/verificationResultStepsItem.ts,api-zod,generated-zod,.ts,266,14,0,2,0,False,True
F0673,lib/api-zod/src/generated/types/workflow.ts,api-zod,generated-zod,.ts,548,24,2,1,0,False,True
F0674,lib/api-zod/src/generated/types/workflowExecution.ts,api-zod,generated-zod,.ts,443,20,1,1,0,False,True
F0675,lib/api-zod/src/generated/types/workflowPhase.ts,api-zod,generated-zod,.ts,257,14,0,3,0,False,True
F0676,lib/api-zod/src/generated/types/workflowStatus.ts,api-zod,generated-zod,.ts,398,19,0,3,0,False,True
F0677,lib/api-zod/src/index.ts,api-zod,generated-zod,.ts,112,4,3,0,0,False,False
F0678,lib/api-zod/src/truth-flow-matrix.schema.ts,api-zod,generated-zod,.ts,14969,451,0,1,0,False,False
F0679,lib/api-zod/tsconfig.json,api-zod,generated-zod,.json,221,12,0,0,0,False,False
F0680,lib/db/drizzle.config.ts,db,db,.ts,352,15,0,0,0,False,False
F0681,lib/db/package.json,db,db,.json,578,26,0,0,0,False,False
F0682,lib/db/src/index.ts,db,db,.ts,434,17,1,0,0,False,False
F0683,lib/db/src/schema/ai_chats.ts,db,db,.ts,1362,36,1,0,0,False,False
F0684,lib/db/src/schema/ai_provider_credentials.ts,db,db,.ts,1284,30,0,0,0,False,False
F0685,lib/db/src/schema/audit_logs.ts,db,db,.ts,2420,73,0,0,0,False,False
F0686,lib/db/src/schema/discovery.ts,db,db,.ts,4647,139,1,0,0,False,False
F0687,lib/db/src/schema/events.ts,db,db,.ts,1610,40,3,0,0,False,False
F0688,lib/db/src/schema/graph.ts,db,db,.ts,9134,226,2,0,0,False,False
F0689,lib/db/src/schema/index.ts,db,db,.ts,442,15,14,0,0,False,False
F0690,lib/db/src/schema/metrics.ts,db,db,.ts,1488,46,1,0,0,False,False
F0691,lib/db/src/schema/plugins.ts,db,db,.ts,785,18,0,0,0,False,False
F0692,lib/db/src/schema/projects.ts,db,db,.ts,1604,41,0,0,0,False,False
F0693,lib/db/src/schema/rules.ts,db,db,.ts,1273,43,1,0,0,False,False
F0694,lib/db/src/schema/scan_jobs.ts,db,db,.ts,1512,40,1,0,0,False,False
F0695,lib/db/src/schema/task_logs.ts,db,db,.ts,862,26,1,0,0,False,False
F0696,lib/db/src/schema/tasks.ts,db,db,.ts,2245,68,3,0,0,False,False
F0697,lib/db/src/schema/workflows.ts,db,db,.ts,1762,53,1,0,0,False,False
F0698,lib/db/tsconfig.json,db,db,.json,244,13,0,0,0,False,False
F0699,lib/knowledge-engine/package.json,knowledge-engine,knowledge-engine,.json,436,23,0,0,0,False,False
F0700,lib/knowledge-engine/src/__tests__/inference.test.ts,knowledge-engine,knowledge-engine,.ts,5906,173,2,0,0,True,False
F0701,lib/knowledge-engine/src/__tests__/queries.test.ts,knowledge-engine,knowledge-engine,.ts,14435,417,1,0,0,True,False
F0702,lib/knowledge-engine/src/index.ts,knowledge-engine,knowledge-engine,.ts,1406,64,2,0,0,False,False
F0703,lib/knowledge-engine/src/inference.ts,knowledge-engine,knowledge-engine,.ts,11444,362,1,0,0,False,False
F0704,lib/knowledge-engine/src/queries.ts,knowledge-engine,knowledge-engine,.ts,23879,744,1,0,0,False,False
F0705,lib/knowledge-engine/src/types.ts,knowledge-engine,knowledge-engine,.ts,8752,267,0,0,0,False,False
F0706,lib/knowledge-engine/tsconfig.json,knowledge-engine,knowledge-engine,.json,298,16,0,0,0,False,False
F0707,lib/scanner/package.json,scanner,scanner,.json,434,23,0,0,0,False,False
F0708,lib/scanner/src/__tests__/file-walker.test.ts,scanner,scanner,.ts,4868,126,2,0,0,True,False
F0709,lib/scanner/src/__tests__/graph-extractor.test.ts,scanner,scanner,.ts,22056,566,4,0,0,True,False
F0710,lib/scanner/src/__tests__/metrics-calc.test.ts,scanner,scanner,.ts,4652,140,3,0,0,True,False
F0711,lib/scanner/src/__tests__/rule-matcher.test.ts,scanner,scanner,.ts,3493,109,2,0,0,True,False
F0712,lib/scanner/src/file-walker.ts,scanner,scanner,.ts,5033,192,0,0,0,False,False
F0713,lib/scanner/src/graph-extractor.ts,scanner,scanner,.ts,43283,1061,2,0,0,False,False
F0714,lib/scanner/src/index.ts,scanner,scanner,.ts,667,22,4,0,0,False,False
F0715,lib/scanner/src/metrics-calc.ts,scanner,scanner,.ts,7053,206,2,0,0,False,False
F0716,lib/scanner/src/python-ast-script.py,scanner,scanner,.py,4993,119,0,0,0,False,False
F0717,lib/scanner/src/python-ast-script.ts,scanner,scanner,.ts,5935,10,0,0,0,False,False
F0718,lib/scanner/src/python-extractor.ts,scanner,scanner,.ts,3567,109,1,0,0,False,False
F0719,lib/scanner/src/rule-matcher.ts,scanner,scanner,.ts,3971,157,1,0,0,False,False
F0720,lib/scanner/tsconfig.json,scanner,scanner,.json,244,13,0,0,0,False,False
F0721,lib/scanner/vitest.config.ts,scanner,scanner,.ts,304,15,0,0,0,False,False
F0722,package.json,root,root-config,.json,941,24,0,0,0,False,False
F0723,pnpm-lock.yaml,root,root-config,.yaml,263157,7178,0,0,2,False,False
F0724,pnpm-workspace.yaml,root,root-config,.yaml,6579,161,0,0,0,False,False
F0725,replit.md,root,root-config,.md,8931,130,0,0,0,False,False
F0726,scripts/check-codegen-drift.ts,scripts,scripts,.ts,2934,81,0,0,0,False,False
F0727,scripts/package.json,scripts,scripts,.json,464,20,0,0,0,False,False
F0728,scripts/post-merge.sh,scripts,scripts,.sh,712,14,0,0,0,False,False
F0729,scripts/src/hello.ts,scripts,scripts,.ts,46,2,0,0,0,False,False
F0730,scripts/trigger-scan.mts,scripts,scripts,.mts,6016,131,0,0,0,False,False
F0731,scripts/tsconfig.json,scripts,scripts,.json,143,9,0,0,0,False,False
F0732,scripts/validate-truth-flow.ts,scripts,scripts,.ts,4820,120,0,0,0,False,False
F0733,scripts/verify-setup.sh,scripts,scripts,.sh,2691,88,0,0,0,False,False
F0734,tsconfig.base.json,root,root-config,.json,691,27,0,0,0,False,False
F0735,tsconfig.base.json.bak,other,root-config,.bak,692,27,0,0,0,False,False
F0736,tsconfig.json,root,root-config,.json,382,26,0,0,0,False,False
