path,folder,subfolder,ext,size,kind,status,has_todo,has_placeholder,has_stub,has_coming_soon,exports
.agents/memory/MEMORY.md,.agents,.agents/memory,.md,3662,memory-note,decision-log,False,False,False,False,0
.agents/memory/ai-orchestrator-hardening.md,.agents,.agents/memory,.md,2098,memory-note,decision-log,False,False,False,False,0
.agents/memory/ai-orchestrator-layer.md,.agents,.agents/memory,.md,2177,memory-note,decision-log,False,False,False,False,0
.agents/memory/audit-fixes.md,.agents,.agents/memory,.md,1459,memory-note,decision-log,False,False,False,False,0
.agents/memory/clerk-401-race-cookie-vs-bearer.md,.agents,.agents/memory,.md,2009,memory-note,decision-log,False,False,False,False,0
.agents/memory/clerk-auth-testing.md,.agents,.agents/memory,.md,2255,memory-note,decision-log,False,False,False,False,0
.agents/memory/discovery-adapter-registry.md,.agents,.agents/memory,.md,1172,memory-note,decision-log,False,False,False,False,0
.agents/memory/discovery-feature.md,.agents,.agents/memory,.md,2496,memory-note,decision-log,False,False,True,False,0
.agents/memory/discovery-multi-source.md,.agents,.agents/memory,.md,2357,memory-note,decision-log,False,False,True,False,0
.agents/memory/drizzle-error-wrapping.md,.agents,.agents/memory,.md,1244,memory-note,decision-log,False,False,False,False,0
.agents/memory/engineeringos-completion-plan.md,.agents,.agents/memory,.md,1240,memory-note,decision-log,False,False,False,False,0
.agents/memory/fk-atomic-claim-ordering.md,.agents,.agents/memory,.md,2145,memory-note,decision-log,False,False,False,False,0
.agents/memory/imported-project-clerk-secrets.md,.agents,.agents/memory,.md,1303,memory-note,decision-log,False,False,False,False,0
.agents/memory/imported-project-workflow-failures.md,.agents,.agents/memory,.md,1870,memory-note,decision-log,False,False,False,False,0
.agents/memory/knowledge-engine-bfs-depth.md,.agents,.agents/memory,.md,1592,memory-note,decision-log,False,False,False,False,0
.agents/memory/knowledge-engine.md,.agents,.agents/memory,.md,2299,memory-note,decision-log,False,False,False,False,0
.agents/memory/orval-openapi-codegen.md,.agents,.agents/memory,.md,1815,memory-note,decision-log,False,False,False,False,1
.agents/memory/project-ownership-scoping.md,.agents,.agents/memory,.md,2313,memory-note,decision-log,False,False,False,False,0
.agents/memory/scanner-ast-extraction.md,.agents,.agents/memory,.md,4047,memory-note,decision-log,False,False,False,False,1
.agents/memory/testing-drift-checks.md,.agents,.agents/memory,.md,1129,memory-note,decision-log,False,False,False,False,0
.gitattributes,.gitattributes,.gitattributes,,170,root-config,config,,,,,
.gitignore,.gitignore,.gitignore,,668,root-config,config,,,,,
.npmrc,.npmrc,.npmrc,,56,root-config,config,,,,,
.replit,.replit,.replit,,394,root-config,config,,,,,
.replitignore,.replitignore,.replitignore,,201,root-config,config,,,,,
artifacts/api-server/.replit-artifact/artifact.toml,artifacts,artifacts/api-server,.toml,784,source,implemented,True,False,False,False,0
artifacts/api-server/build.mjs,artifacts,artifacts/api-server,.mjs,3455,source,implemented,False,False,False,False,0
artifacts/api-server/package.json,artifacts,artifacts/api-server,.json,1342,source,implemented,False,False,False,False,1
artifacts/api-server/src/app.ts,artifacts,artifacts/api-server,.ts,5043,source,implemented,False,False,False,False,1
artifacts/api-server/src/config.ts,artifacts,artifacts/api-server,.ts,2281,source,implemented,False,False,False,False,3
artifacts/api-server/src/index.ts,artifacts,artifacts/api-server,.ts,604,source,implemented,False,False,False,False,0
artifacts/api-server/src/lib/audit.ts,artifacts,artifacts/api-server,.ts,2702,source,implemented,False,False,False,False,4
artifacts/api-server/src/lib/discovery-adapters.test.ts,artifacts,artifacts/api-server,.ts,10158,test,test,False,False,False,False,0
artifacts/api-server/src/lib/discovery-adapters.ts,artifacts,artifacts/api-server,.ts,8076,source,implemented,False,False,True,True,11
artifacts/api-server/src/lib/job-queue.test.ts,artifacts,artifacts/api-server,.ts,2954,test,test,False,False,False,False,0
artifacts/api-server/src/lib/job-queue.ts,artifacts,artifacts/api-server,.ts,3067,source,implemented,False,False,False,False,2
artifacts/api-server/src/lib/job-reconciliation.test.ts,artifacts,artifacts/api-server,.ts,4598,test,test,False,False,False,False,0
artifacts/api-server/src/lib/job-reconciliation.ts,artifacts,artifacts/api-server,.ts,4153,source,implemented,False,False,False,False,1
artifacts/api-server/src/lib/logger.ts,artifacts,artifacts/api-server,.ts,426,source,implemented,False,False,False,False,1
artifacts/api-server/src/lib/plugin-runtime.test.ts,artifacts,artifacts/api-server,.ts,11411,test,test,False,False,False,False,0
artifacts/api-server/src/lib/plugin-runtime.ts,artifacts,artifacts/api-server,.ts,12532,source,implemented,False,True,False,False,8
artifacts/api-server/src/lib/scan-runner.ts,artifacts,artifacts/api-server,.ts,15166,source,implemented,False,False,False,False,2
artifacts/api-server/src/middlewares/.gitkeep,artifacts,artifacts/api-server,,0,source,implemented,,,,,
artifacts/api-server/src/middlewares/clerkProxyMiddleware.ts,artifacts,artifacts/api-server,.ts,5931,source,implemented,False,False,False,False,3
artifacts/api-server/src/middlewares/requireAuth.test.ts,artifacts,artifacts/api-server,.ts,5662,test,test,False,False,False,False,0
artifacts/api-server/src/middlewares/requireAuth.ts,artifacts,artifacts/api-server,.ts,2931,source,implemented,False,False,False,False,2
artifacts/api-server/src/middlewares/requireProjectAccess.ts,artifacts,artifacts/api-server,.ts,4974,source,implemented,False,False,False,False,4
artifacts/api-server/src/routes/ai.test.ts,artifacts,artifacts/api-server,.ts,17867,test,test,False,False,True,False,1
artifacts/api-server/src/routes/ai.ts,artifacts,artifacts/api-server,.ts,12130,source,implemented,False,False,False,False,1
artifacts/api-server/src/routes/dashboard.test.ts,artifacts,artifacts/api-server,.ts,10300,test,test,False,False,False,False,0
artifacts/api-server/src/routes/dashboard.ts,artifacts,artifacts/api-server,.ts,2667,source,implemented,False,False,False,False,1
artifacts/api-server/src/routes/discovery.test.ts,artifacts,artifacts/api-server,.ts,27434,test,test,False,False,True,False,0
artifacts/api-server/src/routes/discovery.ts,artifacts,artifacts/api-server,.ts,35115,source,implemented,False,False,True,True,1
artifacts/api-server/src/routes/events.test.ts,artifacts,artifacts/api-server,.ts,7022,test,test,False,False,False,False,0
artifacts/api-server/src/routes/events.ts,artifacts,artifacts/api-server,.ts,1945,source,implemented,False,False,False,False,1
artifacts/api-server/src/routes/graph.test.ts,artifacts,artifacts/api-server,.ts,11129,test,test,False,False,False,False,0
artifacts/api-server/src/routes/graph.ts,artifacts,artifacts/api-server,.ts,7201,source,implemented,False,False,False,False,1
artifacts/api-server/src/routes/health.test.ts,artifacts,artifacts/api-server,.ts,751,test,test,False,False,False,False,0
artifacts/api-server/src/routes/health.ts,artifacts,artifacts/api-server,.ts,284,source,implemented,False,False,False,False,1
artifacts/api-server/src/routes/index.ts,artifacts,artifacts/api-server,.ts,965,source,implemented,False,False,False,False,1
artifacts/api-server/src/routes/metrics.test.ts,artifacts,artifacts/api-server,.ts,2738,test,test,False,False,False,False,0
artifacts/api-server/src/routes/metrics.ts,artifacts,artifacts/api-server,.ts,2865,source,implemented,False,False,False,False,1
artifacts/api-server/src/routes/plugins.test.ts,artifacts,artifacts/api-server,.ts,1205,test,test,False,False,False,False,0
artifacts/api-server/src/routes/plugins.ts,artifacts,artifacts/api-server,.ts,4340,source,implemented,False,False,False,False,1
artifacts/api-server/src/routes/projects.test.ts,artifacts,artifacts/api-server,.ts,16957,test,test,False,False,False,False,0
artifacts/api-server/src/routes/projects.ts,artifacts,artifacts/api-server,.ts,7939,source,implemented,False,False,False,False,1
artifacts/api-server/src/routes/rules.test.ts,artifacts,artifacts/api-server,.ts,12426,test,test,False,False,False,False,0
artifacts/api-server/src/routes/rules.ts,artifacts,artifacts/api-server,.ts,6664,source,implemented,False,False,False,False,1
artifacts/api-server/src/routes/tasks.test.ts,artifacts,artifacts/api-server,.ts,4562,test,test,False,False,False,False,0
artifacts/api-server/src/routes/tasks.ts,artifacts,artifacts/api-server,.ts,16724,source,implemented,False,False,False,False,1
artifacts/api-server/src/routes/workflows.test.ts,artifacts,artifacts/api-server,.ts,5447,test,test,False,False,False,False,0
artifacts/api-server/src/routes/workflows.ts,artifacts,artifacts/api-server,.ts,20419,source,implemented,False,False,False,False,1
artifacts/api-server/src/scripts/seed-provenance.ts,artifacts,artifacts/api-server,.ts,7265,source,implemented,False,False,False,False,0
artifacts/api-server/src/types/express.d.ts,artifacts,artifacts/api-server,.ts,2080,source,implemented,False,False,False,False,2
artifacts/api-server/tsconfig.json,artifacts,artifacts/api-server,.json,493,source,implemented,False,False,False,False,0
artifacts/api-server/vitest.config.ts,artifacts,artifacts/api-server,.ts,208,source,implemented,False,False,False,False,1
artifacts/dashboard/.replit-artifact/artifact.toml,artifacts,artifacts/dashboard,.toml,561,source,implemented,False,False,False,False,0
artifacts/dashboard/components.json,artifacts,artifacts/dashboard,.json,434,source,implemented,False,False,False,False,0
artifacts/dashboard/index.html,artifacts,artifacts/dashboard,.html,1352,asset,ui-asset,False,False,False,False,0
artifacts/dashboard/package.json,artifacts,artifacts/dashboard,.json,2820,source,implemented,False,False,False,False,0
artifacts/dashboard/public/favicon.svg,artifacts,artifacts/dashboard,.svg,163,asset,ui-asset,,,,,
artifacts/dashboard/public/logo.svg,artifacts,artifacts/dashboard,.svg,502,asset,ui-asset,,,,,
artifacts/dashboard/public/robots.txt,artifacts,artifacts/dashboard,.txt,23,asset,ui-asset,,,,,
artifacts/dashboard/src/App.tsx,artifacts,artifacts/dashboard,.tsx,5257,source,implemented,False,False,False,False,1
artifacts/dashboard/src/components/layout/Shell.tsx,artifacts,artifacts/dashboard,.tsx,1829,source,implemented,False,True,False,False,1
artifacts/dashboard/src/components/layout/Sidebar.tsx,artifacts,artifacts/dashboard,.tsx,3916,source,implemented,True,False,False,False,1
artifacts/dashboard/src/components/ui/accordion.tsx,artifacts,artifacts/dashboard,.tsx,2013,source,implemented,False,False,False,False,1
artifacts/dashboard/src/components/ui/alert-dialog.tsx,artifacts,artifacts/dashboard,.tsx,4447,source,implemented,False,False,False,False,1
artifacts/dashboard/src/components/ui/alert.tsx,artifacts,artifacts/dashboard,.tsx,1609,source,implemented,False,False,False,False,1
artifacts/dashboard/src/components/ui/aspect-ratio.tsx,artifacts,artifacts/dashboard,.tsx,143,source,implemented,False,False,False,False,1
artifacts/dashboard/src/components/ui/avatar.tsx,artifacts,artifacts/dashboard,.tsx,1431,source,implemented,False,False,False,False,1
artifacts/dashboard/src/components/ui/badge.tsx,artifacts,artifacts/dashboard,.tsx,1528,source,implemented,False,False,False,False,2
artifacts/dashboard/src/components/ui/breadcrumb.tsx,artifacts,artifacts/dashboard,.tsx,2735,source,implemented,False,False,False,False,1
artifacts/dashboard/src/components/ui/button-group.tsx,artifacts,artifacts/dashboard,.tsx,2222,source,implemented,False,False,False,False,1
artifacts/dashboard/src/components/ui/button.tsx,artifacts,artifacts/dashboard,.tsx,2370,source,implemented,False,False,False,False,2
artifacts/dashboard/src/components/ui/calendar.tsx,artifacts,artifacts/dashboard,.tsx,7607,source,implemented,False,False,False,False,1
artifacts/dashboard/src/components/ui/card.tsx,artifacts,artifacts/dashboard,.tsx,1856,source,implemented,False,False,False,False,1
artifacts/dashboard/src/components/ui/carousel.tsx,artifacts,artifacts/dashboard,.tsx,6288,source,implemented,False,False,False,False,1
artifacts/dashboard/src/components/ui/chart.tsx,artifacts,artifacts/dashboard,.tsx,10846,source,implemented,False,False,False,False,2
artifacts/dashboard/src/components/ui/checkbox.tsx,artifacts,artifacts/dashboard,.tsx,1038,source,implemented,False,False,False,False,1
artifacts/dashboard/src/components/ui/collapsible.tsx,artifacts,artifacts/dashboard,.tsx,335,source,implemented,False,False,False,False,1
artifacts/dashboard/src/components/ui/command.tsx,artifacts,artifacts/dashboard,.tsx,4918,source,implemented,False,True,False,False,1
artifacts/dashboard/src/components/ui/context-menu.tsx,artifacts,artifacts/dashboard,.tsx,7446,source,implemented,False,False,False,False,1
artifacts/dashboard/src/components/ui/dialog.tsx,artifacts,artifacts/dashboard,.tsx,3889,source,implemented,False,False,False,False,1
artifacts/dashboard/src/components/ui/drawer.tsx,artifacts,artifacts/dashboard,.tsx,3029,source,implemented,False,False,False,False,1
artifacts/dashboard/src/components/ui/dropdown-menu.tsx,artifacts,artifacts/dashboard,.tsx,7646,source,implemented,False,False,False,False,1
artifacts/dashboard/src/components/ui/empty.tsx,artifacts,artifacts/dashboard,.tsx,2410,source,implemented,False,False,False,False,1
artifacts/dashboard/src/components/ui/field.tsx,artifacts,artifacts/dashboard,.tsx,6079,source,implemented,False,False,False,False,1
artifacts/dashboard/src/components/ui/form.tsx,artifacts,artifacts/dashboard,.tsx,4232,source,implemented,False,False,False,False,1
artifacts/dashboard/src/components/ui/hover-card.tsx,artifacts,artifacts/dashboard,.tsx,1245,source,implemented,False,False,False,False,1
artifacts/dashboard/src/components/ui/input-group.tsx,artifacts,artifacts/dashboard,.tsx,4993,source,implemented,False,False,False,False,1
artifacts/dashboard/src/components/ui/input-otp.tsx,artifacts,artifacts/dashboard,.tsx,2160,source,implemented,False,False,False,False,1
artifacts/dashboard/src/components/ui/input.tsx,artifacts,artifacts/dashboard,.tsx,775,source,implemented,False,True,False,False,1
artifacts/dashboard/src/components/ui/item.tsx,artifacts,artifacts/dashboard,.tsx,4519,source,implemented,False,False,False,False,1
artifacts/dashboard/src/components/ui/kbd.tsx,artifacts,artifacts/dashboard,.tsx,867,source,implemented,False,False,False,False,1
artifacts/dashboard/src/components/ui/label.tsx,artifacts,artifacts/dashboard,.tsx,733,source,implemented,False,False,False,False,1
artifacts/dashboard/src/components/ui/menubar.tsx,artifacts,artifacts/dashboard,.tsx,8655,source,implemented,False,False,False,False,1
artifacts/dashboard/src/components/ui/navigation-menu.tsx,artifacts,artifacts/dashboard,.tsx,5150,source,implemented,False,False,False,False,1
artifacts/dashboard/src/components/ui/pagination.tsx,artifacts,artifacts/dashboard,.tsx,2772,source,implemented,False,False,False,False,1
artifacts/dashboard/src/components/ui/popover.tsx,artifacts,artifacts/dashboard,.tsx,1351,source,implemented,False,False,False,False,1
artifacts/dashboard/src/components/ui/progress.tsx,artifacts,artifacts/dashboard,.tsx,799,source,implemented,False,False,False,False,1
artifacts/dashboard/src/components/ui/radio-group.tsx,artifacts,artifacts/dashboard,.tsx,1421,source,implemented,False,False,False,False,1
artifacts/dashboard/src/components/ui/resizable.tsx,artifacts,artifacts/dashboard,.tsx,1733,source,implemented,False,False,False,False,1
artifacts/dashboard/src/components/ui/scroll-area.tsx,artifacts,artifacts/dashboard,.tsx,1650,source,implemented,False,False,False,False,1
artifacts/dashboard/src/components/ui/select.tsx,artifacts,artifacts/dashboard,.tsx,5773,source,implemented,False,True,False,False,1
artifacts/dashboard/src/components/ui/separator.tsx,artifacts,artifacts/dashboard,.tsx,764,source,implemented,False,False,False,False,1
artifacts/dashboard/src/components/ui/sheet.tsx,artifacts,artifacts/dashboard,.tsx,4307,source,implemented,False,False,False,False,1
artifacts/dashboard/src/components/ui/sidebar.tsx,artifacts,artifacts/dashboard,.tsx,21969,source,implemented,False,False,False,False,1
artifacts/dashboard/src/components/ui/skeleton.tsx,artifacts,artifacts/dashboard,.tsx,269,source,implemented,False,False,False,False,1
artifacts/dashboard/src/components/ui/slider.tsx,artifacts,artifacts/dashboard,.tsx,1043,source,implemented,False,False,False,False,1
artifacts/dashboard/src/components/ui/sonner.tsx,artifacts,artifacts/dashboard,.tsx,902,source,implemented,False,False,False,False,1
artifacts/dashboard/src/components/ui/spinner.tsx,artifacts,artifacts/dashboard,.tsx,334,source,implemented,False,False,False,False,1
artifacts/dashboard/src/components/ui/switch.tsx,artifacts,artifacts/dashboard,.tsx,1155,source,implemented,False,False,False,False,1
artifacts/dashboard/src/components/ui/table.tsx,artifacts,artifacts/dashboard,.tsx,2881,source,implemented,False,False,False,False,1
artifacts/dashboard/src/components/ui/tabs.tsx,artifacts,artifacts/dashboard,.tsx,1890,source,implemented,False,False,False,False,1
artifacts/dashboard/src/components/ui/textarea.tsx,artifacts,artifacts/dashboard,.tsx,655,source,implemented,False,True,False,False,1
artifacts/dashboard/src/components/ui/toast.tsx,artifacts,artifacts/dashboard,.tsx,4871,source,implemented,False,False,False,False,1
artifacts/dashboard/src/components/ui/toaster.tsx,artifacts,artifacts/dashboard,.tsx,777,source,implemented,False,False,False,False,1
artifacts/dashboard/src/components/ui/toggle-group.tsx,artifacts,artifacts/dashboard,.tsx,1767,source,implemented,False,False,False,False,1
artifacts/dashboard/src/components/ui/toggle.tsx,artifacts,artifacts/dashboard,.tsx,1494,source,implemented,False,False,False,False,1
artifacts/dashboard/src/components/ui/tooltip.tsx,artifacts,artifacts/dashboard,.tsx,1277,source,implemented,False,False,False,False,1
artifacts/dashboard/src/hooks/use-mobile.tsx,artifacts,artifacts/dashboard,.tsx,576,source,implemented,False,False,False,False,1
artifacts/dashboard/src/hooks/use-toast.ts,artifacts,artifacts/dashboard,.ts,3952,source,implemented,False,False,False,False,2
artifacts/dashboard/src/index.css,artifacts,artifacts/dashboard,.css,7601,asset,ui-asset,False,True,False,False,0
artifacts/dashboard/src/lib/clerk.ts,artifacts,artifacts/dashboard,.ts,2416,source,implemented,False,False,False,False,3
artifacts/dashboard/src/lib/utils.ts,artifacts,artifacts/dashboard,.ts,169,source,implemented,False,False,False,False,1
artifacts/dashboard/src/main.tsx,artifacts,artifacts/dashboard,.tsx,159,source,implemented,False,False,False,False,0
artifacts/dashboard/src/pages/AiChat.tsx,artifacts,artifacts/dashboard,.tsx,14017,source,implemented,False,True,False,False,1
artifacts/dashboard/src/pages/Dashboard.tsx,artifacts,artifacts/dashboard,.tsx,13902,source,implemented,False,False,False,False,1
artifacts/dashboard/src/pages/DiscoverProjectWizard.tsx,artifacts,artifacts/dashboard,.tsx,39201,source,implemented,False,True,False,False,1
artifacts/dashboard/src/pages/Events.tsx,artifacts,artifacts/dashboard,.tsx,7448,source,implemented,False,True,False,False,1
artifacts/dashboard/src/pages/Graph.tsx,artifacts,artifacts/dashboard,.tsx,30657,source,implemented,False,True,False,False,1
artifacts/dashboard/src/pages/Landing.tsx,artifacts,artifacts/dashboard,.tsx,2965,source,implemented,False,False,False,False,1
artifacts/dashboard/src/pages/Metrics.tsx,artifacts,artifacts/dashboard,.tsx,10463,source,implemented,False,False,False,False,1
artifacts/dashboard/src/pages/ProjectDetail.tsx,artifacts,artifacts/dashboard,.tsx,17228,source,implemented,False,False,False,False,1
artifacts/dashboard/src/pages/Projects.tsx,artifacts,artifacts/dashboard,.tsx,8101,source,implemented,False,True,False,False,1
artifacts/dashboard/src/pages/Rules.tsx,artifacts,artifacts/dashboard,.tsx,18693,source,implemented,False,True,False,False,1
artifacts/dashboard/src/pages/SignIn.tsx,artifacts,artifacts/dashboard,.tsx,362,source,implemented,False,False,False,False,1
artifacts/dashboard/src/pages/SignUp.tsx,artifacts,artifacts/dashboard,.tsx,362,source,implemented,False,False,False,False,1
artifacts/dashboard/src/pages/Tasks.tsx,artifacts,artifacts/dashboard,.tsx,18709,source,implemented,False,True,False,False,1
artifacts/dashboard/src/pages/Workflows.tsx,artifacts,artifacts/dashboard,.tsx,21639,source,implemented,False,True,False,False,1
artifacts/dashboard/src/pages/not-found.tsx,artifacts,artifacts/dashboard,.tsx,971,source,implemented,False,False,False,False,1
artifacts/dashboard/tsconfig.json,artifacts,artifacts/dashboard,.json,520,source,implemented,False,False,False,False,0
artifacts/dashboard/vite.config.ts,artifacts,artifacts/dashboard,.ts,1822,source,implemented,False,False,False,False,1
artifacts/mockup-sandbox/.replit-artifact/artifact.toml,artifacts,artifacts/mockup-sandbox,.toml,327,source,implemented,False,False,False,False,0
artifacts/mockup-sandbox/components.json,artifacts,artifacts/mockup-sandbox,.json,426,source,implemented,False,False,False,False,0
artifacts/mockup-sandbox/index.html,artifacts,artifacts/mockup-sandbox,.html,4325,asset,ui-asset,False,False,False,False,0
artifacts/mockup-sandbox/mockupPreviewPlugin.ts,artifacts,artifacts/mockup-sandbox,.ts,4639,source,implemented,False,False,False,False,2
artifacts/mockup-sandbox/package.json,artifacts,artifacts/mockup-sandbox,.json,2515,source,implemented,False,False,False,False,0
artifacts/mockup-sandbox/src/.generated/mockup-components.ts,artifacts,artifacts/mockup-sandbox,.ts,171,source,implemented,False,False,False,False,1
artifacts/mockup-sandbox/src/App.tsx,artifacts,artifacts/mockup-sandbox,.tsx,3654,source,implemented,False,False,False,False,1
artifacts/mockup-sandbox/src/components/ui/accordion.tsx,artifacts,artifacts/mockup-sandbox,.tsx,2001,source,implemented,False,False,False,False,1
artifacts/mockup-sandbox/src/components/ui/alert-dialog.tsx,artifacts,artifacts/mockup-sandbox,.tsx,4419,source,implemented,False,False,False,False,1
artifacts/mockup-sandbox/src/components/ui/alert.tsx,artifacts,artifacts/mockup-sandbox,.tsx,1598,source,implemented,False,False,False,False,1
artifacts/mockup-sandbox/src/components/ui/aspect-ratio.tsx,artifacts,artifacts/mockup-sandbox,.tsx,140,source,implemented,False,False,False,False,1
artifacts/mockup-sandbox/src/components/ui/avatar.tsx,artifacts,artifacts/mockup-sandbox,.tsx,1419,source,implemented,False,False,False,False,1
artifacts/mockup-sandbox/src/components/ui/badge.tsx,artifacts,artifacts/mockup-sandbox,.tsx,1163,source,implemented,False,False,False,False,2
artifacts/mockup-sandbox/src/components/ui/breadcrumb.tsx,artifacts,artifacts/mockup-sandbox,.tsx,2712,source,implemented,False,False,False,False,1
artifacts/mockup-sandbox/src/components/ui/button-group.tsx,artifacts,artifacts/mockup-sandbox,.tsx,2209,source,implemented,False,False,False,False,1
artifacts/mockup-sandbox/src/components/ui/button.tsx,artifacts,artifacts/mockup-sandbox,.tsx,1925,source,implemented,False,False,False,False,2
artifacts/mockup-sandbox/src/components/ui/calendar.tsx,artifacts,artifacts/mockup-sandbox,.tsx,7569,source,implemented,False,False,False,False,1
artifacts/mockup-sandbox/src/components/ui/card.tsx,artifacts,artifacts/mockup-sandbox,.tsx,1828,source,implemented,False,False,False,False,1
artifacts/mockup-sandbox/src/components/ui/carousel.tsx,artifacts,artifacts/mockup-sandbox,.tsx,6210,source,implemented,False,False,False,False,1
artifacts/mockup-sandbox/src/components/ui/chart.tsx,artifacts,artifacts/mockup-sandbox,.tsx,10674,source,implemented,False,False,False,False,2
artifacts/mockup-sandbox/src/components/ui/checkbox.tsx,artifacts,artifacts/mockup-sandbox,.tsx,1031,source,implemented,False,False,False,False,1
artifacts/mockup-sandbox/src/components/ui/collapsible.tsx,artifacts,artifacts/mockup-sandbox,.tsx,329,source,implemented,False,False,False,False,1
artifacts/mockup-sandbox/src/components/ui/command.tsx,artifacts,artifacts/mockup-sandbox,.tsx,4887,source,implemented,False,True,False,False,1
artifacts/mockup-sandbox/src/components/ui/context-menu.tsx,artifacts,artifacts/mockup-sandbox,.tsx,7406,source,implemented,False,False,False,False,1
artifacts/mockup-sandbox/src/components/ui/dialog.tsx,artifacts,artifacts/mockup-sandbox,.tsx,3835,source,implemented,False,False,False,False,1
artifacts/mockup-sandbox/src/components/ui/drawer.tsx,artifacts,artifacts/mockup-sandbox,.tsx,3007,source,implemented,False,False,False,False,1
artifacts/mockup-sandbox/src/components/ui/dropdown-menu.tsx,artifacts,artifacts/mockup-sandbox,.tsx,7606,source,implemented,False,False,False,False,1
artifacts/mockup-sandbox/src/components/ui/empty.tsx,artifacts,artifacts/mockup-sandbox,.tsx,2396,source,implemented,False,False,False,False,1
artifacts/mockup-sandbox/src/components/ui/field.tsx,artifacts,artifacts/mockup-sandbox,.tsx,6044,source,implemented,False,False,False,False,1
artifacts/mockup-sandbox/src/components/ui/form.tsx,artifacts,artifacts/mockup-sandbox,.tsx,4175,source,implemented,False,False,False,False,1
artifacts/mockup-sandbox/src/components/ui/hover-card.tsx,artifacts,artifacts/mockup-sandbox,.tsx,1237,source,implemented,False,False,False,False,1
artifacts/mockup-sandbox/src/components/ui/input-group.tsx,artifacts,artifacts/mockup-sandbox,.tsx,4883,source,implemented,False,False,False,False,1
artifacts/mockup-sandbox/src/components/ui/input-otp.tsx,artifacts,artifacts/mockup-sandbox,.tsx,2143,source,implemented,False,False,False,False,1
artifacts/mockup-sandbox/src/components/ui/input.tsx,artifacts,artifacts/mockup-sandbox,.tsx,768,source,implemented,False,True,False,False,1
artifacts/mockup-sandbox/src/components/ui/item.tsx,artifacts,artifacts/mockup-sandbox,.tsx,4494,source,implemented,False,False,False,False,1
artifacts/mockup-sandbox/src/components/ui/kbd.tsx,artifacts,artifacts/mockup-sandbox,.tsx,862,source,implemented,False,False,False,False,1
artifacts/mockup-sandbox/src/components/ui/label.tsx,artifacts,artifacts/mockup-sandbox,.tsx,724,source,implemented,False,False,False,False,1
artifacts/mockup-sandbox/src/components/ui/menubar.tsx,artifacts,artifacts/mockup-sandbox,.tsx,8608,source,implemented,False,False,False,False,1
artifacts/mockup-sandbox/src/components/ui/navigation-menu.tsx,artifacts,artifacts/mockup-sandbox,.tsx,5124,source,implemented,False,False,False,False,1
artifacts/mockup-sandbox/src/components/ui/pagination.tsx,artifacts,artifacts/mockup-sandbox,.tsx,2751,source,implemented,False,False,False,False,1
artifacts/mockup-sandbox/src/components/ui/popover.tsx,artifacts,artifacts/mockup-sandbox,.tsx,1342,source,implemented,False,False,False,False,1
artifacts/mockup-sandbox/src/components/ui/progress.tsx,artifacts,artifacts/mockup-sandbox,.tsx,792,source,implemented,False,False,False,False,1
artifacts/mockup-sandbox/src/components/ui/radio-group.tsx,artifacts,artifacts/mockup-sandbox,.tsx,1410,source,implemented,False,False,False,False,1
artifacts/mockup-sandbox/src/components/ui/resizable.tsx,artifacts,artifacts/mockup-sandbox,.tsx,1723,source,implemented,False,False,False,False,1
artifacts/mockup-sandbox/src/components/ui/scroll-area.tsx,artifacts,artifacts/mockup-sandbox,.tsx,1642,source,implemented,False,False,False,False,1
artifacts/mockup-sandbox/src/components/ui/select.tsx,artifacts,artifacts/mockup-sandbox,.tsx,5745,source,implemented,False,True,False,False,1
artifacts/mockup-sandbox/src/components/ui/separator.tsx,artifacts,artifacts/mockup-sandbox,.tsx,756,source,implemented,False,False,False,False,1
artifacts/mockup-sandbox/src/components/ui/sheet.tsx,artifacts,artifacts/mockup-sandbox,.tsx,4280,source,implemented,False,False,False,False,1
artifacts/mockup-sandbox/src/components/ui/sidebar.tsx,artifacts,artifacts/mockup-sandbox,.tsx,21056,source,implemented,False,False,False,False,1
artifacts/mockup-sandbox/src/components/ui/skeleton.tsx,artifacts,artifacts/mockup-sandbox,.tsx,266,source,implemented,False,False,False,False,1
artifacts/mockup-sandbox/src/components/ui/slider.tsx,artifacts,artifacts/mockup-sandbox,.tsx,1037,source,implemented,False,False,False,False,1
artifacts/mockup-sandbox/src/components/ui/sonner.tsx,artifacts,artifacts/mockup-sandbox,.tsx,894,source,implemented,False,False,False,False,1
artifacts/mockup-sandbox/src/components/ui/spinner.tsx,artifacts,artifacts/mockup-sandbox,.tsx,331,source,implemented,False,False,False,False,1
artifacts/mockup-sandbox/src/components/ui/switch.tsx,artifacts,artifacts/mockup-sandbox,.tsx,1148,source,implemented,False,False,False,False,1
artifacts/mockup-sandbox/src/components/ui/table.tsx,artifacts,artifacts/mockup-sandbox,.tsx,2859,source,implemented,False,False,False,False,1
artifacts/mockup-sandbox/src/components/ui/tabs.tsx,artifacts,artifacts/mockup-sandbox,.tsx,1877,source,implemented,False,False,False,False,1
artifacts/mockup-sandbox/src/components/ui/textarea.tsx,artifacts,artifacts/mockup-sandbox,.tsx,649,source,implemented,False,True,False,False,1
artifacts/mockup-sandbox/src/components/ui/toast.tsx,artifacts,artifacts/mockup-sandbox,.tsx,4845,source,implemented,False,False,False,False,1
artifacts/mockup-sandbox/src/components/ui/toaster.tsx,artifacts,artifacts/mockup-sandbox,.tsx,772,source,implemented,False,False,False,False,1
artifacts/mockup-sandbox/src/components/ui/toggle-group.tsx,artifacts,artifacts/mockup-sandbox,.tsx,1753,source,implemented,False,False,False,False,1
artifacts/mockup-sandbox/src/components/ui/toggle.tsx,artifacts,artifacts/mockup-sandbox,.tsx,1486,source,implemented,False,False,False,False,1
artifacts/mockup-sandbox/src/components/ui/tooltip.tsx,artifacts,artifacts/mockup-sandbox,.tsx,1267,source,implemented,False,False,False,False,1
artifacts/mockup-sandbox/src/hooks/use-mobile.tsx,artifacts,artifacts/mockup-sandbox,.tsx,565,source,implemented,False,False,False,False,1
artifacts/mockup-sandbox/src/hooks/use-toast.ts,artifacts,artifacts/mockup-sandbox,.ts,3767,source,implemented,False,False,False,False,2
artifacts/mockup-sandbox/src/index.css,artifacts,artifacts/mockup-sandbox,.css,5760,asset,ui-asset,False,True,False,False,0
artifacts/mockup-sandbox/src/lib/utils.ts,artifacts,artifacts/mockup-sandbox,.ts,166,source,implemented,False,False,False,False,1
artifacts/mockup-sandbox/src/main.tsx,artifacts,artifacts/mockup-sandbox,.tsx,157,source,implemented,False,False,False,False,0
artifacts/mockup-sandbox/tsconfig.json,artifacts,artifacts/mockup-sandbox,.json,513,source,implemented,False,False,False,False,0
artifacts/mockup-sandbox/vite.config.ts,artifacts,artifacts/mockup-sandbox,.ts,1592,source,implemented,False,False,False,False,1
attached_assets/EngineeringOS_Audit_Report_1783641389270.md,attached_assets,attached_assets/EngineeringOS_Audit_Report_1783641389270.md,.md,14716,artifact-asset,reference,False,False,False,False,0
attached_assets/EngineeringOS_Audit_Report_Expanded_1783642792349.md,attached_assets,attached_assets/EngineeringOS_Audit_Report_Expanded_1783642792349.md,.md,17381,artifact-asset,reference,False,False,True,False,2
attached_assets/EngineeringOS_Combined_Deep_Analysis_(1)_1783706911895.md,attached_assets,attached_assets/EngineeringOS_Combined_Deep_Analysis_(1)_1783706911895.md,.md,13363,artifact-asset,reference,False,False,False,False,0
attached_assets/EngineeringOS_Execution_Plan_1783831261195.pdf,attached_assets,attached_assets/EngineeringOS_Execution_Plan_1783831261195.pdf,.pdf,104811,artifact-asset,reference,,,,,
attached_assets/EngineeringOS_Executive_Build_Directive_v1_1783912619169.md,attached_assets,attached_assets/EngineeringOS_Executive_Build_Directive_v1_1783912619169.md,.md,11583,artifact-asset,reference,False,False,False,False,0
attached_assets/EngineeringOS_File_Inventory_Complete(1)_1783706911845.md,attached_assets,attached_assets/EngineeringOS_File_Inventory_Complete(1)_1783706911845.md,.md,16789,artifact-asset,reference,False,False,False,False,0
attached_assets/EngineeringOS_File_by_File_Fact_Record_1783725698283.md,attached_assets,attached_assets/EngineeringOS_File_by_File_Fact_Record_1783725698283.md,.md,91708,artifact-asset,reference,False,True,False,False,0
attached_assets/EngineeringOS_Implementation_Document_1783726156016.md,attached_assets,attached_assets/EngineeringOS_Implementation_Document_1783726156016.md,.md,24261,artifact-asset,reference,False,False,False,False,1
attached_assets/EngineeringOS_Plan_1783818095882.pdf,attached_assets,attached_assets/EngineeringOS_Plan_1783818095882.pdf,.pdf,81293,artifact-asset,reference,,,,,
attached_assets/EngineeringOS_Project_1783718452179.pdf,attached_assets,attached_assets/EngineeringOS_Project_1783718452179.pdf,.pdf,53834,artifact-asset,reference,,,,,
attached_assets/EngineeringOS_analysis_report(2)_(1)_1784047036210.md,attached_assets,attached_assets/EngineeringOS_analysis_report(2)_(1)_1784047036210.md,.md,40290,artifact-asset,reference,False,False,False,False,0
attached_assets/EngineeringOS_architecture_analysis_report_1784040976647.md,attached_assets,attached_assets/EngineeringOS_architecture_analysis_report_1784040976647.md,.md,10572,artifact-asset,reference,False,False,False,False,0
attached_assets/EngineeringOS_archive_entries_1784040976692.csv,attached_assets,attached_assets/EngineeringOS_archive_entries_1784040976692.csv,.csv,62290,artifact-asset,reference,,,,,
attached_assets/EngineeringOS_archive_entries_1784041152876.csv,attached_assets,attached_assets/EngineeringOS_archive_entries_1784041152876.csv,.csv,62290,artifact-asset,reference,,,,,
attached_assets/EngineeringOS_deep_analysis_report_1783800987828.md,attached_assets,attached_assets/EngineeringOS_deep_analysis_report_1783800987828.md,.md,14614,artifact-asset,reference,False,False,False,False,0
attached_assets/EngineeringOS_file_inventory_(1)_1783729892809.csv,attached_assets,attached_assets/EngineeringOS_file_inventory_(1)_1783729892809.csv,.csv,38456,artifact-asset,reference,,,,,
attached_assets/EngineeringOS_file_inventory_full(2)_1783988496247.csv,attached_assets,attached_assets/EngineeringOS_file_inventory_full(2)_1783988496247.csv,.csv,55061,artifact-asset,reference,,,,,
attached_assets/EngineeringOS_file_inventory_full_1783800987783.csv,attached_assets,attached_assets/EngineeringOS_file_inventory_full_1783800987783.csv,.csv,28551,artifact-asset,reference,,,,,
attached_assets/EngineeringOS_full_analysis_report_1783988496190.md,attached_assets,attached_assets/EngineeringOS_full_analysis_report_1783988496190.md,.md,8762,artifact-asset,reference,False,False,False,False,0
attached_assets/EngineeringOS_full_file_inventory(1)_1784040976594.csv,attached_assets,attached_assets/EngineeringOS_full_file_inventory(1)_1784040976594.csv,.csv,56563,artifact-asset,reference,,,,,
attached_assets/EngineeringOS_full_file_inventory(1)_1784041152926.csv,attached_assets,attached_assets/EngineeringOS_full_file_inventory(1)_1784041152926.csv,.csv,56563,artifact-asset,reference,,,,,
attached_assets/EngineeringOS_minimum_path_to_vision_(1)_1783830867380.md,attached_assets,attached_assets/EngineeringOS_minimum_path_to_vision_(1)_1783830867380.md,.md,15261,artifact-asset,reference,False,False,False,False,0
attached_assets/EngineeringOS_minimum_path_to_vision_1783830816710.md,attached_assets,attached_assets/EngineeringOS_minimum_path_to_vision_1783830816710.md,.md,15261,artifact-asset,reference,False,False,False,False,0
attached_assets/EngineeringOS_operational_status_record_1783912104506.md,attached_assets,attached_assets/EngineeringOS_operational_status_record_1783912104506.md,.md,5354,artifact-asset,reference,False,False,False,False,0
attached_assets/EngineeringOS_project_analysis_report(1)_1783729892769.md,attached_assets,attached_assets/EngineeringOS_project_analysis_report(1)_1783729892769.md,.md,13022,artifact-asset,reference,False,True,False,False,1
attached_assets/EngineeringOS_provenance_registry_linked_1783911530593.json,attached_assets,attached_assets/EngineeringOS_provenance_registry_linked_1783911530593.json,.json,422336,artifact-asset,reference,False,False,False,False,0
attached_assets/EngineeringOS_provenance_registry_seed_1783911530658.json,attached_assets,attached_assets/EngineeringOS_provenance_registry_seed_1783911530658.json,.json,248584,artifact-asset,reference,False,False,False,False,0
attached_assets/EngineeringOS_replit_execution_directive_1783800987701.json,attached_assets,attached_assets/EngineeringOS_replit_execution_directive_1783800987701.json,.json,11716,artifact-asset,reference,False,False,False,False,0
attached_assets/EngineeringOS_replit_execution_directive_1783800987743.md,attached_assets,attached_assets/EngineeringOS_replit_execution_directive_1783800987743.md,.md,11867,artifact-asset,reference,False,False,False,False,0
attached_assets/EngineeringOS_series14_truth_matrix_1783966531635.md,attached_assets,attached_assets/EngineeringOS_series14_truth_matrix_1783966531635.md,.md,13771,artifact-asset,reference,False,False,False,False,1
attached_assets/EngineeringOS_series15_deep_evidence_1783966531578.md,attached_assets,attached_assets/EngineeringOS_series15_deep_evidence_1783966531578.md,.md,13524,artifact-asset,reference,False,False,False,False,0
attached_assets/EngineeringOS_series16_truth_matrix_(1)_1783966531512.md,attached_assets,attached_assets/EngineeringOS_series16_truth_matrix_(1)_1783966531512.md,.md,12532,artifact-asset,reference,False,False,False,False,0
attached_assets/EngineeringOS_series17_deep_analysis_1783966531444.md,attached_assets,attached_assets/EngineeringOS_series17_deep_analysis_1783966531444.md,.md,13745,artifact-asset,reference,False,False,False,False,0
attached_assets/EngineeringOS_series18_status_register_(1)_1783966531375.md,attached_assets,attached_assets/EngineeringOS_series18_status_register_(1)_1783966531375.md,.md,9763,artifact-asset,reference,False,False,False,False,0
attached_assets/EngineeringOS_series19_control_plane_evidence_1783966531303.md,attached_assets,attached_assets/EngineeringOS_series19_control_plane_evidence_1783966531303.md,.md,14100,artifact-asset,reference,False,False,False,False,0
attached_assets/EngineeringOS_series20_status_register_1783966531239.md,attached_assets,attached_assets/EngineeringOS_series20_status_register_1783966531239.md,.md,13761,artifact-asset,reference,False,False,False,False,0
attached_assets/EngineeringOS_series21_deep_status_1783966531177.md,attached_assets,attached_assets/EngineeringOS_series21_deep_status_1783966531177.md,.md,11759,artifact-asset,reference,False,False,False,False,0
attached_assets/EngineeringOS_series22_second_wave_analysis_1783966531113.md,attached_assets,attached_assets/EngineeringOS_series22_second_wave_analysis_1783966531113.md,.md,7779,artifact-asset,reference,False,False,True,False,0
attached_assets/EngineeringOS_series23_self_verifying_architecture_1783966531049.md,attached_assets,attached_assets/EngineeringOS_series23_self_verifying_architecture_1783966531049.md,.md,10473,artifact-asset,reference,False,False,False,False,0
attached_assets/EngineeringOS_series24_deep_evidence_1783966530990.md,attached_assets,attached_assets/EngineeringOS_series24_deep_evidence_1783966530990.md,.md,9605,artifact-asset,reference,False,False,False,False,0
attached_assets/EngineeringOS_series25_truth_register_1783966530939.md,attached_assets,attached_assets/EngineeringOS_series25_truth_register_1783966530939.md,.md,11680,artifact-asset,reference,False,False,False,False,0
attached_assets/EngineeringOS_series26_boundary_analysis_1783966530884.md,attached_assets,attached_assets/EngineeringOS_series26_boundary_analysis_1783966530884.md,.md,12996,artifact-asset,reference,False,False,False,False,0
attached_assets/EngineeringOS_series27_failure_semantics_1783966530824.md,attached_assets,attached_assets/EngineeringOS_series27_failure_semantics_1783966530824.md,.md,13504,artifact-asset,reference,False,False,False,False,0
attached_assets/EngineeringOS_series28_traceability_mesh_1783966530766.md,attached_assets,attached_assets/EngineeringOS_series28_traceability_mesh_1783966530766.md,.md,13996,artifact-asset,reference,False,False,False,False,0
attached_assets/EngineeringOS_series29_trust_boundary_register_1783966530702.md,attached_assets,attached_assets/EngineeringOS_series29_trust_boundary_register_1783966530702.md,.md,9234,artifact-asset,reference,False,False,False,False,0
attached_assets/EngineeringOS_series30_release_handoff_audit_1783966530642.md,attached_assets,attached_assets/EngineeringOS_series30_release_handoff_audit_1783966530642.md,.md,9762,artifact-asset,reference,False,False,False,False,0
attached_assets/EngineeringOS_series31_release_handoff_audit_1783966530586.md,attached_assets,attached_assets/EngineeringOS_series31_release_handoff_audit_1783966530586.md,.md,17069,artifact-asset,reference,False,False,False,False,0
attached_assets/EngineeringOS_series32_phase_conformance_audit_1783966530537.md,attached_assets,attached_assets/EngineeringOS_series32_phase_conformance_audit_1783966530537.md,.md,13126,artifact-asset,reference,False,False,False,False,0
attached_assets/EngineeringOS_series33_provenance_authority_graph_1783966530470.md,attached_assets,attached_assets/EngineeringOS_series33_provenance_authority_graph_1783966530470.md,.md,9276,artifact-asset,reference,False,False,False,False,0
attached_assets/EngineeringOS_status_record_(1)_1783980758791.md,attached_assets,attached_assets/EngineeringOS_status_record_(1)_1783980758791.md,.md,10832,artifact-asset,reference,False,False,False,False,0
attached_assets/EngineeringOS_status_register_(1)_1783818095824.md,attached_assets,attached_assets/EngineeringOS_status_register_(1)_1783818095824.md,.md,47392,artifact-asset,reference,False,False,False,False,0
attached_assets/EngineeringOS_status_register_final_1783902107873.md,attached_assets,attached_assets/EngineeringOS_status_register_final_1783902107873.md,.md,13170,artifact-asset,reference,False,False,False,False,0
attached_assets/EngineeringOS_task_backlog_1783800987875.json,attached_assets,attached_assets/EngineeringOS_task_backlog_1783800987875.json,.json,5563,artifact-asset,reference,False,False,False,False,0
attached_assets/EngineeringOS_truth_register_current_1783825680736.md,attached_assets,attached_assets/EngineeringOS_truth_register_current_1783825680736.md,.md,33405,artifact-asset,reference,False,False,False,False,0
attached_assets/Engineering_Os_Fact_Record_1783718570175.pdf,attached_assets,attached_assets/Engineering_Os_Fact_Record_1783718570175.pdf,.pdf,104719,artifact-asset,reference,,,,,
attached_assets/Engineering_Os_Phased_Completion_Plan_(1)_1783718452123.pdf,attached_assets,attached_assets/Engineering_Os_Phased_Completion_Plan_(1)_1783718452123.pdf,.pdf,77805,artifact-asset,reference,,,,,
attached_assets/Engineering_Os_Phased_Completion_Plan_1783718452216.pdf,attached_assets,attached_assets/Engineering_Os_Phased_Completion_Plan_1783718452216.pdf,.pdf,77807,artifact-asset,reference,,,,,
attached_assets/Pasted---1783906604381_1783906604385.txt,attached_assets,attached_assets/Pasted---1783906604381_1783906604385.txt,.txt,15317,artifact-asset,reference,,,,,
attached_assets/Pasted---1783956390496_1783956390501.txt,attached_assets,attached_assets/Pasted---1783956390496_1783956390501.txt,.txt,10819,artifact-asset,reference,,,,,
attached_assets/Pasted--Backlog-Execution-Backlog-v1-0--1783975284276_1783975284279.txt,attached_assets,attached_assets/Pasted--Backlog-Execution-Backlog-v1-0--1783975284276_1783975284279.txt,.txt,9560,artifact-asset,reference,,,,,
attached_assets/Pasted--Discovery-Layer--1783988471815_1783988471818.txt,attached_assets,attached_assets/Pasted--Discovery-Layer--1783988471815_1783988471818.txt,.txt,6388,artifact-asset,reference,,,,,
attached_assets/Pasted--EngineeringOS-Autonomous-Project-Discovery-Onboarding-_1783565505918.txt,attached_assets,attached_assets/Pasted--EngineeringOS-Autonomous-Project-Discovery-Onboarding-_1783565505918.txt,.txt,6622,artifact-asset,reference,,,,,
attached_assets/Pasted--EngineeringOS-Autonomous-Project-Discovery-Onboarding-_1783566150077.txt,attached_assets,attached_assets/Pasted--EngineeringOS-Autonomous-Project-Discovery-Onboarding-_1783566150077.txt,.txt,6622,artifact-asset,reference,,,,,
attached_assets/Pasted--PR--1784040954263_1784040954267.txt,attached_assets,attached_assets/Pasted--PR--1784040954263_1784040954267.txt,.txt,11758,artifact-asset,reference,,,,,
attached_assets/Pasted--PR-app-ts--1784047027177_1784047027183.txt,attached_assets,attached_assets/Pasted--PR-app-ts--1784047027177_1784047027183.txt,.txt,19647,artifact-asset,reference,,,,,
attached_assets/Pasted--PR-app-ts--1784047927706_1784047927710.txt,attached_assets,attached_assets/Pasted--PR-app-ts--1784047927706_1784047927710.txt,.txt,19647,artifact-asset,reference,,,,,
attached_assets/Pasted--PR-discovery-ts-PR-1-Discovery--1783996178319_1783996178325.txt,attached_assets,attached_assets/Pasted--PR-discovery-ts-PR-1-Discovery--1783996178319_1783996178325.txt,.txt,10274,artifact-asset,reference,,,,,
attached_assets/Pasted--PR-lib-ai-orchestrator-PR-1-Prompt-Templates--17839939_1783993953832.txt,attached_assets,attached_assets/Pasted--PR-lib-ai-orchestrator-PR-1-Prompt-Templates--17839939_1783993953832.txt,.txt,4754,artifact-asset,reference,,,,,
attached_assets/Pasted--PR-lib-ai-orchestrator-PR-1-Prompt-Templates--17839939_1783993967887.txt,attached_assets,attached_assets/Pasted--PR-lib-ai-orchestrator-PR-1-Prompt-Templates--17839939_1783993967887.txt,.txt,4754,artifact-asset,reference,,,,,
attached_assets/Pasted--PR-lib-ai-orchestrator-PR-1-Prompt-Templates--17839950_1783995013203.txt,attached_assets,attached_assets/Pasted--PR-lib-ai-orchestrator-PR-1-Prompt-Templates--17839950_1783995013203.txt,.txt,4754,artifact-asset,reference,,,,,
attached_assets/Pasted--PR-title-Harden-auth-context-and-prepare-project-scope_1784044908893.txt,attached_assets,attached_assets/Pasted--PR-title-Harden-auth-context-and-prepare-project-scope_1784044908893.txt,.txt,3811,artifact-asset,reference,,,,,
attached_assets/Pasted--Plan-3-Sync-fact-record-architecture-docs-3-Sync-Fact-_1783733496072.txt,attached_assets,attached_assets/Pasted--Plan-3-Sync-fact-record-architecture-docs-3-Sync-Fact-_1783733496072.txt,.txt,17691,artifact-asset,reference,,,,,
attached_assets/Pasted--Plan-3-Sync-fact-record-architecture-docs-3-Sync-Fact-_1783790285219.txt,attached_assets,attached_assets/Pasted--Plan-3-Sync-fact-record-architecture-docs-3-Sync-Fact-_1783790285219.txt,.txt,17691,artifact-asset,reference,,,,,
attached_assets/Pasted--artifacts-api-server-src-routes-discovery-ts--17839967_1783996711676.txt,attached_assets,attached_assets/Pasted--artifacts-api-server-src-routes-discovery-ts--17839967_1783996711676.txt,.txt,10600,artifact-asset,reference,,,,,
attached_assets/Pasted--artifacts-api-server-src-routes-discovery-ts--17839967_1783997082105.txt,attached_assets,attached_assets/Pasted--artifacts-api-server-src-routes-discovery-ts--17839967_1783997082105.txt,.txt,10600,artifact-asset,reference,,,,,
attached_assets/Pasted--lib-ai-orchestrator--1783993997216_1783993997218.txt,attached_assets,attached_assets/Pasted--lib-ai-orchestrator--1783993997216_1783993997218.txt,.txt,8527,artifact-asset,reference,,,,,
attached_assets/Pasted--onboarding-o-1783988399961_1783988399964.txt,attached_assets,attached_assets/Pasted--onboarding-o-1783988399961_1783988399964.txt,.txt,4676,artifact-asset,reference,,,,,
attached_assets/Pasted-7-Upgrade-Dashboard-to-Operational-UI-What-Why-Current-_1783734748019.txt,attached_assets,attached_assets/Pasted-7-Upgrade-Dashboard-to-Operational-UI-What-Why-Current-_1783734748019.txt,.txt,2796,artifact-asset,reference,,,,,
attached_assets/Pasted-7-Upgrade-Dashboard-to-Operational-UI-What-Why-Current-_1783798897613.txt,attached_assets,attached_assets/Pasted-7-Upgrade-Dashboard-to-Operational-UI-What-Why-Current-_1783798897613.txt,.txt,2795,artifact-asset,reference,,,,,
attached_assets/Pasted-Plan-6-Deepen-graph-scanner-discovery-6-Deepen-Graph-Sc_1783734658300.txt,attached_assets,attached_assets/Pasted-Plan-6-Deepen-graph-scanner-discovery-6-Deepen-Graph-Sc_1783734658300.txt,.txt,2633,artifact-asset,reference,,,,,
attached_assets/Screenshot_٢٠٢٦٠٧٠٩-٠٦١٦٢٥_1783567039006.png,attached_assets,attached_assets/Screenshot_٢٠٢٦٠٧٠٩-٠٦١٦٢٥_1783567039006.png,.png,98945,artifact-asset,reference,,,,,
attached_assets/Screenshot_٢٠٢٦٠٧٠٩-٠٦٢٠٣٨_1783610776566.png,attached_assets,attached_assets/Screenshot_٢٠٢٦٠٧٠٩-٠٦٢٠٣٨_1783610776566.png,.png,100944,artifact-asset,reference,,,,,
attached_assets/Screenshot_٢٠٢٦٠٧١٣-٠٣٥٣١٨_1783904118069.png,attached_assets,attached_assets/Screenshot_٢٠٢٦٠٧١٣-٠٣٥٣١٨_1783904118069.png,.png,86583,artifact-asset,reference,,,,,
attached_assets/Screenshot_٢٠٢٦٠٧١٣-٠٤٠٥١١_1783904724118.png,attached_assets,attached_assets/Screenshot_٢٠٢٦٠٧١٣-٠٤٠٥١١_1783904724118.png,.png,135875,artifact-asset,reference,,,,,
attached_assets/Screenshot_٢٠٢٦٠٧١٣-٠٤٤٤٢٨_1783907108840.png,attached_assets,attached_assets/Screenshot_٢٠٢٦٠٧١٣-٠٤٤٤٢٨_1783907108840.png,.png,77223,artifact-asset,reference,,,,,
attached_assets/Screenshot_٢٠٢٦٠٧١٣-٠٥٠١٣٨_1783908128704.png,attached_assets,attached_assets/Screenshot_٢٠٢٦٠٧١٣-٠٥٠١٣٨_1783908128704.png,.png,63973,artifact-asset,reference,,,,,
attached_assets/Screenshot_٢٠٢٦٠٧١٣-٠٥١٤٥٤_1783908924873.png,attached_assets,attached_assets/Screenshot_٢٠٢٦٠٧١٣-٠٥١٤٥٤_1783908924873.png,.png,77952,artifact-asset,reference,,,,,
attached_assets/Screenshot_٢٠٢٦٠٧١٣-٠٥١٩٤٨_1783909201747.png,attached_assets,attached_assets/Screenshot_٢٠٢٦٠٧١٣-٠٥١٩٤٨_1783909201747.png,.png,72233,artifact-asset,reference,,,,,
attached_assets/agents_(1)_1783564013722.zip,attached_assets,attached_assets/agents_(1)_1783564013722.zip,.zip,256,artifact-asset,reference,,,,,
attached_assets/ai_orchestrator_deep_dive_(1)_1783994021466.md,attached_assets,attached_assets/ai_orchestrator_deep_dive_(1)_1783994021466.md,.md,10648,artifact-asset,reference,False,False,False,False,1
attached_assets/artifacts_(7)_(1)_1783564013761.zip,attached_assets,attached_assets/artifacts_(7)_(1)_1783564013761.zip,.zip,1668739,artifact-asset,reference,,,,,
attached_assets/git_(2)_1783564013691.zip,attached_assets,attached_assets/git_(2)_1783564013691.zip,.zip,134,artifact-asset,reference,,,,,
attached_assets/gitattributes_1783564013915.txt,attached_assets,attached_assets/gitattributes_1783564013915.txt,.txt,92,artifact-asset,reference,,,,,
attached_assets/gitignore_(1)_1783564013965.txt,attached_assets,attached_assets/gitignore_(1)_1783564013965.txt,.txt,668,artifact-asset,reference,,,,,
attached_assets/lib_(7)_(1)_1783564013810.zip,attached_assets,attached_assets/lib_(7)_(1)_1783564013810.zip,.zip,219450,artifact-asset,reference,,,,,
attached_assets/node_modules_(2)_1783564014266.zip,attached_assets,attached_assets/node_modules_(2)_1783564014266.zip,.zip,22,artifact-asset,reference,,,,,
attached_assets/npmrc_(2)_1783564014024.txt,attached_assets,attached_assets/npmrc_(2)_1783564014024.txt,.txt,56,artifact-asset,reference,,,,,
attached_assets/package_(1)_(7)_1783564014328.json,attached_assets,attached_assets/package_(1)_(7)_1783564014328.json,.json,649,artifact-asset,reference,False,False,False,False,0
attached_assets/pnpm-lock.yaml_(3)_1783564014392.txt,attached_assets,attached_assets/pnpm-lock.yaml_(3)_1783564014392.txt,.txt,210264,artifact-asset,reference,,,,,
attached_assets/pnpm-workspace.yaml_(3)_1783564014449.txt,attached_assets,attached_assets/pnpm-workspace.yaml_(3)_1783564014449.txt,.txt,6579,artifact-asset,reference,,,,,
attached_assets/replit_(13)_1783564014085.md,attached_assets,attached_assets/replit_(13)_1783564014085.md,.md,1521,artifact-asset,reference,False,False,False,False,0
attached_assets/replit_(2)_1783564014509.txt,attached_assets,attached_assets/replit_(2)_1783564014509.txt,.txt,372,artifact-asset,reference,,,,,
attached_assets/replitignore_1783564014569.txt,attached_assets,attached_assets/replitignore_1783564014569.txt,.txt,201,artifact-asset,reference,,,,,
attached_assets/scripts_(8)_1783564013865.zip,attached_assets,attached_assets/scripts_(8)_1783564013865.zip,.zip,11642,artifact-asset,reference,,,,,
attached_assets/tsconfig.base_(2)_(1)_1783564014142.json,attached_assets,attached_assets/tsconfig.base_(2)_(1)_1783564014142.json,.json,692,artifact-asset,reference,False,False,False,False,0
attached_assets/tsconfig_(7)_1783564014202.json,attached_assets,attached_assets/tsconfig_(7)_1783564014202.json,.json,279,artifact-asset,reference,False,False,False,False,0
attached_assets/تحليل_EngineeringOS_1783804577785.docx,attached_assets,attached_assets/تحليل_EngineeringOS_1783804577785.docx,.docx,20978,artifact-asset,reference,,,,,
attached_assets/خطة_العمل_التنفيذية_لمشروع_EngineeringOS_1783729892699.docx,attached_assets,attached_assets/خطة_العمل_التنفيذية_لمشروع_EngineeringOS_1783729892699.docx,.docx,18423,artifact-asset,reference,,,,,
docs/completion-plan.md,docs,docs/completion-plan.md,.md,44939,doc,doc,False,True,True,True,4
docs/fact-record.md,docs,docs/fact-record.md,.md,141937,doc,doc,False,True,False,False,2
lib/ai-orchestrator/package.json,lib,lib/ai-orchestrator,.json,530,source,implemented,False,False,False,False,0
lib/ai-orchestrator/src/__tests__/groq-client.test.ts,lib,lib/ai-orchestrator,.ts,3728,test,test,False,False,False,False,0
lib/ai-orchestrator/src/__tests__/parsing.test.ts,lib,lib/ai-orchestrator,.ts,3872,test,test,False,False,False,False,0
lib/ai-orchestrator/src/__tests__/schemas.test.ts,lib,lib/ai-orchestrator,.ts,2839,test,test,False,False,False,False,0
lib/ai-orchestrator/src/__tests__/workflow-orchestrator.test.ts,lib,lib/ai-orchestrator,.ts,3885,test,test,False,False,False,False,0
lib/ai-orchestrator/src/agents/chat-agent.ts,lib,lib/ai-orchestrator,.ts,1524,source,implemented,False,False,False,False,3
lib/ai-orchestrator/src/agents/code-reviewer.ts,lib,lib/ai-orchestrator,.ts,1490,source,implemented,False,False,False,False,2
lib/ai-orchestrator/src/agents/scan-analyst.ts,lib,lib/ai-orchestrator,.ts,1522,source,implemented,False,False,False,False,2
lib/ai-orchestrator/src/agents/task-agent.ts,lib,lib/ai-orchestrator,.ts,1660,source,implemented,False,False,False,False,3
lib/ai-orchestrator/src/agents/workflow-orchestrator.ts,lib,lib/ai-orchestrator,.ts,5322,source,implemented,False,False,False,False,7
lib/ai-orchestrator/src/context-builder.ts,lib,lib/ai-orchestrator,.ts,2978,source,implemented,False,False,False,False,2
lib/ai-orchestrator/src/errors.ts,lib,lib/ai-orchestrator,.ts,1131,source,implemented,False,False,False,False,3
lib/ai-orchestrator/src/groq-client.ts,lib,lib/ai-orchestrator,.ts,5735,source,implemented,False,False,False,False,6
lib/ai-orchestrator/src/index.ts,lib,lib/ai-orchestrator,.ts,1094,source,implemented,False,False,False,False,17
lib/ai-orchestrator/src/parsing.ts,lib,lib/ai-orchestrator,.ts,3263,source,implemented,False,False,False,False,3
lib/ai-orchestrator/src/prompts/chat.prompt.ts,lib,lib/ai-orchestrator,.ts,1310,source,implemented,False,False,False,False,1
lib/ai-orchestrator/src/prompts/index.ts,lib,lib/ai-orchestrator,.ts,424,source,implemented,False,False,False,False,5
lib/ai-orchestrator/src/prompts/review.prompt.ts,lib,lib/ai-orchestrator,.ts,1662,source,implemented,False,False,False,False,2
lib/ai-orchestrator/src/prompts/scan.prompt.ts,lib,lib/ai-orchestrator,.ts,1319,source,implemented,False,False,False,False,2
lib/ai-orchestrator/src/prompts/task.prompt.ts,lib,lib/ai-orchestrator,.ts,1455,source,implemented,False,False,False,False,2
lib/ai-orchestrator/src/prompts/workflow.prompt.ts,lib,lib/ai-orchestrator,.ts,1896,source,implemented,False,False,False,False,2
lib/ai-orchestrator/src/schemas/chat.schema.ts,lib,lib/ai-orchestrator,.ts,212,source,implemented,False,False,False,False,2
lib/ai-orchestrator/src/schemas/code-review.schema.ts,lib,lib/ai-orchestrator,.ts,940,source,implemented,False,False,False,False,6
lib/ai-orchestrator/src/schemas/context.schema.ts,lib,lib/ai-orchestrator,.ts,357,source,implemented,False,False,False,False,2
lib/ai-orchestrator/src/schemas/index.ts,lib,lib/ai-orchestrator,.ts,886,source,implemented,False,False,False,False,12
lib/ai-orchestrator/src/schemas/scan.schema.ts,lib,lib/ai-orchestrator,.ts,682,source,implemented,False,False,False,False,4
lib/ai-orchestrator/src/schemas/task.schema.ts,lib,lib/ai-orchestrator,.ts,337,source,implemented,False,False,False,False,2
lib/ai-orchestrator/src/schemas/workflow.schema.ts,lib,lib/ai-orchestrator,.ts,697,source,implemented,False,False,False,False,6
lib/ai-orchestrator/tsconfig.json,lib,lib/ai-orchestrator,.json,298,source,implemented,False,False,False,False,0
lib/ai-orchestrator/vitest.config.ts,lib,lib/ai-orchestrator,.ts,304,source,implemented,False,False,False,False,1
lib/api-client-react/package.json,lib,lib/api-client-react,.json,265,source,implemented,False,False,False,False,0
lib/api-client-react/src/custom-fetch.ts,lib,lib/api-client-react,.ts,11377,source,implemented,False,False,False,False,9
lib/api-client-react/src/generated/api.schemas.ts,lib,lib/api-client-react,.ts,21277,generated-source,generated,False,False,False,False,136
lib/api-client-react/src/generated/api.ts,lib,lib/api-client-react,.ts,136304,generated-source,generated,False,False,False,False,399
lib/api-client-react/src/index.ts,lib,lib/api-client-react,.ts,268,source,implemented,False,False,False,False,6
lib/api-client-react/tsconfig.json,lib,lib/api-client-react,.json,251,source,implemented,False,False,False,False,0
lib/api-spec/openapi.yaml,lib,lib/api-spec,.yaml,67756,source,implemented,False,False,False,False,0
lib/api-spec/orval.config.ts,lib,lib/api-spec,.ts,1959,source,implemented,False,False,False,False,1
lib/api-spec/package.json,lib,lib/api-spec,.json,307,source,implemented,False,False,False,False,0
lib/api-zod/package.json,lib,lib/api-zod,.json,189,source,implemented,False,False,False,False,0
lib/api-zod/src/generated/api.ts,lib,lib/api-zod,.ts,56641,generated-source,generated,False,False,False,False,156
lib/api-zod/src/generated/types/aiChatMessage.ts,lib,lib/api-zod,.ts,389,generated-source,generated,False,False,False,False,1
lib/api-zod/src/generated/types/aiChatMessageRole.ts,lib,lib/api-zod,.ts,366,generated-source,generated,False,False,False,False,2
lib/api-zod/src/generated/types/aiChatOutput.ts,lib,lib/api-zod,.ts,321,generated-source,generated,False,False,False,False,1
lib/api-zod/src/generated/types/aiChatRequest.ts,lib,lib/api-zod,.ts,262,generated-source,generated,False,False,False,False,1
lib/api-zod/src/generated/types/aiChatSession.ts,lib,lib/api-zod,.ts,290,generated-source,generated,False,False,False,False,1
lib/api-zod/src/generated/types/aiCodeIssue.ts,lib,lib/api-zod,.ts,466,generated-source,generated,False,False,False,False,1
lib/api-zod/src/generated/types/aiCodeIssueSeverity.ts,lib,lib/api-zod,.ts,386,generated-source,generated,False,False,False,False,2
lib/api-zod/src/generated/types/aiCodeIssueType.ts,lib,lib/api-zod,.ts,414,generated-source,generated,False,False,False,False,2
lib/api-zod/src/generated/types/aiCodeReview.ts,lib,lib/api-zod,.ts,506,generated-source,generated,False,False,False,False,1
lib/api-zod/src/generated/types/aiCodeReviewVerdict.ts,lib,lib/api-zod,.ts,402,generated-source,generated,False,False,False,False,2
lib/api-zod/src/generated/types/aiOrchestrateRequest.ts,lib,lib/api-zod,.ts,237,generated-source,generated,False,False,False,False,1
lib/api-zod/src/generated/types/aiOrchestrationDecision.ts,lib,lib/api-zod,.ts,436,generated-source,generated,False,False,False,False,1
lib/api-zod/src/generated/types/aiOrchestrationDecisionAction.ts,lib,lib/api-zod,.ts,430,generated-source,generated,False,False,False,False,2
lib/api-zod/src/generated/types/aiReviewRequest.ts,lib,lib/api-zod,.ts,330,generated-source,generated,False,False,False,False,1
lib/api-zod/src/generated/types/aiReviewRequestFileContents.ts,lib,lib/api-zod,.ts,232,generated-source,generated,False,False,False,False,1
lib/api-zod/src/generated/types/aiScanAnalysis.ts,lib,lib/api-zod,.ts,382,generated-source,generated,False,False,False,False,1
lib/api-zod/src/generated/types/aiScanInsight.ts,lib,lib/api-zod,.ts,476,generated-source,generated,False,False,False,False,1
lib/api-zod/src/generated/types/aiScanInsightCategory.ts,lib,lib/api-zod,.ts,474,generated-source,generated,False,False,False,False,2
lib/api-zod/src/generated/types/aiScanInsightSeverity.ts,lib,lib/api-zod,.ts,394,generated-source,generated,False,False,False,False,2
lib/api-zod/src/generated/types/createProjectInput.ts,lib,lib/api-zod,.ts,307,generated-source,generated,False,False,False,False,1
lib/api-zod/src/generated/types/createRuleInput.ts,lib,lib/api-zod,.ts,432,generated-source,generated,False,False,False,False,1
lib/api-zod/src/generated/types/createTaskInput.ts,lib,lib/api-zod,.ts,453,generated-source,generated,False,False,False,False,1
lib/api-zod/src/generated/types/createWorkflowInput.ts,lib,lib/api-zod,.ts,348,generated-source,generated,False,False,False,False,1
lib/api-zod/src/generated/types/dashboardOverview.ts,lib,lib/api-zod,.ts,820,generated-source,generated,False,False,False,False,1
lib/api-zod/src/generated/types/dashboardOverviewProjectScoresItem.ts,lib,lib/api-zod,.ts,436,generated-source,generated,False,False,False,False,1
lib/api-zod/src/generated/types/dashboardOverviewProjectScoresItemTrend.ts,lib,lib/api-zod,.ts,464,generated-source,generated,False,False,False,False,2
lib/api-zod/src/generated/types/dashboardOverviewTaskStatusBreakdown.ts,lib,lib/api-zod,.ts,241,generated-source,generated,False,False,False,False,1
lib/api-zod/src/generated/types/dashboardOverviewTopRulesItem.ts,lib,lib/api-zod,.ts,285,generated-source,generated,False,False,False,False,1
lib/api-zod/src/generated/types/discoveryGraphSummaryData.ts,lib,lib/api-zod,.ts,598,generated-source,generated,False,False,False,False,1
lib/api-zod/src/generated/types/discoveryGraphSummaryDataEntitiesByType.ts,lib,lib/api-zod,.ts,244,generated-source,generated,False,False,False,False,1
lib/api-zod/src/generated/types/discoveryGraphSummaryDataFilesByLanguage.ts,lib,lib/api-zod,.ts,245,generated-source,generated,False,False,False,False,1
lib/api-zod/src/generated/types/discoveryOptions.ts,lib,lib/api-zod,.ts,347,generated-source,generated,False,False,False,False,1
lib/api-zod/src/generated/types/discoveryReport.ts,lib,lib/api-zod,.ts,1286,generated-source,generated,False,False,False,False,1
lib/api-zod/src/generated/types/discoveryRuleViolationItem.ts,lib,lib/api-zod,.ts,283,generated-source,generated,False,False,False,False,1
lib/api-zod/src/generated/types/discoverySessionStatus.ts,lib,lib/api-zod,.ts,676,generated-source,generated,False,False,False,False,1
lib/api-zod/src/generated/types/discoverySessionStatusStatus.ts,lib,lib/api-zod,.ts,438,generated-source,generated,False,False,False,False,2
lib/api-zod/src/generated/types/discoverySourceCapability.ts,lib,lib/api-zod,.ts,412,generated-source,generated,False,False,False,False,1
lib/api-zod/src/generated/types/discoverySourceConfig.ts,lib,lib/api-zod,.ts,909,generated-source,generated,False,False,False,False,1
lib/api-zod/src/generated/types/discoverySourceConfigCredentials.ts,lib,lib/api-zod,.ts,325,generated-source,generated,False,False,False,False,1
lib/api-zod/src/generated/types/discoveryStepItem.ts,lib,lib/api-zod,.ts,378,generated-source,generated,False,False,False,False,1
lib/api-zod/src/generated/types/discoveryStepItemStatus.ts,lib,lib/api-zod,.ts,406,generated-source,generated,False,False,False,False,2
lib/api-zod/src/generated/types/entityType.ts,lib,lib/api-zod,.ts,418,generated-source,generated,False,False,False,False,2
lib/api-zod/src/generated/types/evaluateRuleRequest.ts,lib,lib/api-zod,.ts,227,generated-source,generated,False,False,False,False,1
lib/api-zod/src/generated/types/event.ts,lib,lib/api-zod,.ts,714,generated-source,generated,False,False,False,False,1
lib/api-zod/src/generated/types/eventPayload.ts,lib,lib/api-zod,.ts,220,generated-source,generated,False,False,False,False,1
lib/api-zod/src/generated/types/eventSeverity.ts,lib,lib/api-zod,.ts,366,generated-source,generated,False,False,False,False,2
lib/api-zod/src/generated/types/failWorkflowPhaseInput.ts,lib,lib/api-zod,.ts,227,generated-source,generated,False,False,False,False,1
lib/api-zod/src/generated/types/getGraphEntityImpact404.ts,lib,lib/api-zod,.ts,225,generated-source,generated,False,False,False,False,1
lib/api-zod/src/generated/types/getGraphEntityImpactParams.ts,lib,lib/api-zod,.ts,284,generated-source,generated,False,False,False,False,1
lib/api-zod/src/generated/types/getGraphEntityNeighbors200.ts,lib,lib/api-zod,.ts,440,generated-source,generated,False,False,False,False,1
lib/api-zod/src/generated/types/getGraphEntityNeighbors404.ts,lib,lib/api-zod,.ts,228,generated-source,generated,False,False,False,False,1
lib/api-zod/src/generated/types/getGraphPathParams.ts,lib,lib/api-zod,.ts,288,generated-source,generated,False,False,False,False,1
lib/api-zod/src/generated/types/getLatestMetricsParams.ts,lib,lib/api-zod,.ts,227,generated-source,generated,False,False,False,False,1
lib/api-zod/src/generated/types/graphCentralityScore.ts,lib,lib/api-zod,.ts,335,generated-source,generated,False,False,False,False,1
lib/api-zod/src/generated/types/graphEntity.ts,lib,lib/api-zod,.ts,621,generated-source,generated,False,False,False,False,1
lib/api-zod/src/generated/types/graphEntityMetadata.ts,lib,lib/api-zod,.ts,227,generated-source,generated,False,False,False,False,1
lib/api-zod/src/generated/types/graphImpactHop.ts,lib,lib/api-zod,.ts,435,generated-source,generated,False,False,False,False,1
lib/api-zod/src/generated/types/graphImpactResult.ts,lib,lib/api-zod,.ts,388,generated-source,generated,False,False,False,False,1
lib/api-zod/src/generated/types/graphPathResult.ts,lib,lib/api-zod,.ts,319,generated-source,generated,False,False,False,False,1
lib/api-zod/src/generated/types/graphPathStep.ts,lib,lib/api-zod,.ts,371,generated-source,generated,False,False,False,False,1
lib/api-zod/src/generated/types/graphProvenance.ts,lib,lib/api-zod,.ts,437,generated-source,generated,False,False,False,False,1
lib/api-zod/src/generated/types/graphRelationship.ts,lib,lib/api-zod,.ts,743,generated-source,generated,False,False,False,False,1
lib/api-zod/src/generated/types/graphRelationshipMetadata.ts,lib,lib/api-zod,.ts,233,generated-source,generated,False,False,False,False,1
lib/api-zod/src/generated/types/graphSummary.ts,lib,lib/api-zod,.ts,706,generated-source,generated,False,False,False,False,1
lib/api-zod/src/generated/types/graphSummaryEntitiesByType.ts,lib,lib/api-zod,.ts,231,generated-source,generated,False,False,False,False,1
lib/api-zod/src/generated/types/graphSummaryRelationsByType.ts,lib,lib/api-zod,.ts,232,generated-source,generated,False,False,False,False,1
lib/api-zod/src/generated/types/healthStatus.ts,lib,lib/api-zod,.ts,293,generated-source,generated,False,False,False,False,1
lib/api-zod/src/generated/types/healthStatusStatus.ts,lib,lib/api-zod,.ts,320,generated-source,generated,False,False,False,False,2
lib/api-zod/src/generated/types/importProjectInput.ts,lib,lib/api-zod,.ts,353,generated-source,generated,False,False,False,False,1
lib/api-zod/src/generated/types/importProjectInputOverrides.ts,lib,lib/api-zod,.ts,296,generated-source,generated,False,False,False,False,1
lib/api-zod/src/generated/types/index.ts,lib,lib/api-zod,.ts,4464,generated-source,generated,False,False,False,False,112
lib/api-zod/src/generated/types/listAiChatSessionsParams.ts,lib,lib/api-zod,.ts,228,generated-source,generated,False,False,False,False,1
lib/api-zod/src/generated/types/listEventsParams.ts,lib,lib/api-zod,.ts,342,generated-source,generated,False,False,False,False,1
lib/api-zod/src/generated/types/listGraphEntitiesParams.ts,lib,lib/api-zod,.ts,295,generated-source,generated,False,False,False,False,1
lib/api-zod/src/generated/types/listGraphRelationshipsParams.ts,lib,lib/api-zod,.ts,252,generated-source,generated,False,False,False,False,1
lib/api-zod/src/generated/types/listMetricsParams.ts,lib,lib/api-zod,.ts,245,generated-source,generated,False,False,False,False,1
lib/api-zod/src/generated/types/listRulesParams.ts,lib,lib/api-zod,.ts,297,generated-source,generated,False,False,False,False,1
lib/api-zod/src/generated/types/listTasksParams.ts,lib,lib/api-zod,.ts,366,generated-source,generated,False,False,False,False,1
lib/api-zod/src/generated/types/listWorkflowsParams.ts,lib,lib/api-zod,.ts,224,generated-source,generated,False,False,False,False,1
lib/api-zod/src/generated/types/metricRecord.ts,lib,lib/api-zod,.ts,660,generated-source,generated,False,False,False,False,1
lib/api-zod/src/generated/types/metricRecordBuildStatus.ts,lib,lib/api-zod,.ts,394,generated-source,generated,False,False,False,False,2
lib/api-zod/src/generated/types/plugin.ts,lib,lib/api-zod,.ts,433,generated-source,generated,False,False,False,False,1
lib/api-zod/src/generated/types/pluginCapabilitiesItem.ts,lib,lib/api-zod,.ts,436,generated-source,generated,False,False,False,False,2
lib/api-zod/src/generated/types/pluginProjectRequest.ts,lib,lib/api-zod,.ts,228,generated-source,generated,False,False,False,False,1
lib/api-zod/src/generated/types/project.ts,lib,lib/api-zod,.ts,584,generated-source,generated,False,False,False,False,1
lib/api-zod/src/generated/types/projectStatus.ts,lib,lib/api-zod,.ts,376,generated-source,generated,False,False,False,False,2
lib/api-zod/src/generated/types/projectSummary.ts,lib,lib/api-zod,.ts,508,generated-source,generated,False,False,False,False,1
lib/api-zod/src/generated/types/projectSummaryTaskCounts.ts,lib,lib/api-zod,.ts,303,generated-source,generated,False,False,False,False,1
lib/api-zod/src/generated/types/rule.ts,lib,lib/api-zod,.ts,514,generated-source,generated,False,False,False,False,1
lib/api-zod/src/generated/types/ruleEvaluationResult.ts,lib,lib/api-zod,.ts,424,generated-source,generated,False,False,False,False,1
lib/api-zod/src/generated/types/ruleEvaluationResultMatchesItem.ts,lib,lib/api-zod,.ts,267,generated-source,generated,False,False,False,False,1
lib/api-zod/src/generated/types/ruleSeverity.ts,lib,lib/api-zod,.ts,374,generated-source,generated,False,False,False,False,2
lib/api-zod/src/generated/types/scanJob.ts,lib,lib/api-zod,.ts,739,generated-source,generated,False,False,False,False,1
lib/api-zod/src/generated/types/scanJobStatus.ts,lib,lib/api-zod,.ts,376,generated-source,generated,False,False,False,False,2
lib/api-zod/src/generated/types/scanResult.ts,lib,lib/api-zod,.ts,329,generated-source,generated,False,False,False,False,1
lib/api-zod/src/generated/types/sourceType.ts,lib,lib/api-zod,.ts,498,generated-source,generated,False,False,False,False,2
lib/api-zod/src/generated/types/startDiscoveryInput.ts,lib,lib/api-zod,.ts,479,generated-source,generated,False,False,False,False,1
lib/api-zod/src/generated/types/task.ts,lib,lib/api-zod,.ts,784,generated-source,generated,False,False,False,False,1
lib/api-zod/src/generated/types/taskLog.ts,lib,lib/api-zod,.ts,427,generated-source,generated,False,False,False,False,1
lib/api-zod/src/generated/types/taskLogLevel.ts,lib,lib/api-zod,.ts,352,generated-source,generated,False,False,False,False,2
lib/api-zod/src/generated/types/taskLogMetadata.ts,lib,lib/api-zod,.ts,223,generated-source,generated,False,False,False,False,1
lib/api-zod/src/generated/types/taskPriority.ts,lib,lib/api-zod,.ts,332,generated-source,generated,False,False,False,False,2
lib/api-zod/src/generated/types/taskStatus.ts,lib,lib/api-zod,.ts,438,generated-source,generated,False,False,False,False,2
lib/api-zod/src/generated/types/updateProjectInput.ts,lib,lib/api-zod,.ts,359,generated-source,generated,False,False,False,False,1
lib/api-zod/src/generated/types/updateProjectInputStatus.ts,lib,lib/api-zod,.ts,420,generated-source,generated,False,False,False,False,2
lib/api-zod/src/generated/types/updateRuleInput.ts,lib,lib/api-zod,.ts,391,generated-source,generated,False,False,False,False,1
lib/api-zod/src/generated/types/updateTaskInput.ts,lib,lib/api-zod,.ts,394,generated-source,generated,False,False,False,False,1
lib/api-zod/src/generated/types/verificationResult.ts,lib,lib/api-zod,.ts,346,generated-source,generated,False,False,False,False,1
lib/api-zod/src/generated/types/verificationResultStepsItem.ts,lib,lib/api-zod,.ts,266,generated-source,generated,False,False,False,False,1
lib/api-zod/src/generated/types/workflow.ts,lib,lib/api-zod,.ts,548,generated-source,generated,False,False,False,False,1
lib/api-zod/src/generated/types/workflowExecution.ts,lib,lib/api-zod,.ts,443,generated-source,generated,False,False,False,False,1
lib/api-zod/src/generated/types/workflowPhase.ts,lib,lib/api-zod,.ts,257,generated-source,generated,False,False,False,False,1
lib/api-zod/src/generated/types/workflowStatus.ts,lib,lib/api-zod,.ts,398,generated-source,generated,False,False,False,False,2
lib/api-zod/src/index.ts,lib,lib/api-zod,.ts,136,source,implemented,False,False,False,False,4
lib/api-zod/tsconfig.json,lib,lib/api-zod,.json,221,source,implemented,False,False,False,False,0
lib/db/drizzle.config.ts,lib,lib/db,.ts,352,source,implemented,False,False,False,False,1
lib/db/package.json,lib,lib/db,.json,578,source,implemented,False,False,False,False,0
lib/db/src/index.ts,lib,lib/db,.ts,434,source,implemented,False,False,False,False,3
lib/db/src/schema/ai_chats.ts,lib,lib/db,.ts,1362,source,implemented,False,False,False,False,7
lib/db/src/schema/audit_logs.ts,lib,lib/db,.ts,2343,source,implemented,False,False,False,False,5
lib/db/src/schema/discovery.ts,lib,lib/db,.ts,4213,source,implemented,False,False,False,False,12
lib/db/src/schema/events.ts,lib,lib/db,.ts,1434,source,implemented,False,False,False,False,4
lib/db/src/schema/graph.ts,lib,lib/db,.ts,2741,source,implemented,False,False,False,False,8
lib/db/src/schema/index.ts,lib,lib/db,.ts,396,source,implemented,False,False,False,False,13
lib/db/src/schema/metrics.ts,lib,lib/db,.ts,1307,source,implemented,False,False,False,False,4
lib/db/src/schema/plugins.ts,lib,lib/db,.ts,785,source,implemented,False,False,False,False,3
lib/db/src/schema/projects.ts,lib,lib/db,.ts,1269,source,implemented,False,False,False,False,4
lib/db/src/schema/rules.ts,lib,lib/db,.ts,1113,source,implemented,False,False,False,False,4
lib/db/src/schema/scan_jobs.ts,lib,lib/db,.ts,1394,source,implemented,False,False,False,False,4
lib/db/src/schema/task_logs.ts,lib,lib/db,.ts,862,source,implemented,False,False,False,False,4
lib/db/src/schema/tasks.ts,lib,lib/db,.ts,2030,source,implemented,False,False,False,False,5
lib/db/src/schema/workflows.ts,lib,lib/db,.ts,1762,source,implemented,False,False,False,False,6
lib/db/tsconfig.json,lib,lib/db,.json,244,source,implemented,False,False,False,False,0
lib/knowledge-engine/package.json,lib,lib/knowledge-engine,.json,436,source,implemented,False,False,False,False,0
lib/knowledge-engine/src/__tests__/inference.test.ts,lib,lib/knowledge-engine,.ts,5906,test,test,False,False,False,False,0
lib/knowledge-engine/src/__tests__/queries.test.ts,lib,lib/knowledge-engine,.ts,7222,test,test,False,False,False,False,0
lib/knowledge-engine/src/index.ts,lib,lib/knowledge-engine,.ts,718,source,implemented,False,False,False,False,3
lib/knowledge-engine/src/inference.ts,lib,lib/knowledge-engine,.ts,5150,source,implemented,False,False,False,False,3
lib/knowledge-engine/src/queries.ts,lib,lib/knowledge-engine,.ts,8894,source,implemented,False,False,False,False,4
lib/knowledge-engine/src/types.ts,lib,lib/knowledge-engine,.ts,1982,source,implemented,False,False,False,False,8
lib/knowledge-engine/tsconfig.json,lib,lib/knowledge-engine,.json,298,source,implemented,False,False,False,False,0
lib/scanner/package.json,lib,lib/scanner,.json,434,source,implemented,False,False,False,False,0
lib/scanner/src/__tests__/file-walker.test.ts,lib,lib/scanner,.ts,4764,test,test,False,False,False,False,3
lib/scanner/src/__tests__/graph-extractor.test.ts,lib,lib/scanner,.ts,15774,test,test,False,False,False,False,15
lib/scanner/src/__tests__/metrics-calc.test.ts,lib,lib/scanner,.ts,4652,test,test,False,False,False,False,0
lib/scanner/src/__tests__/rule-matcher.test.ts,lib,lib/scanner,.ts,3493,test,test,False,False,False,False,0
lib/scanner/src/file-walker.ts,lib,lib/scanner,.ts,4619,source,implemented,False,False,False,False,3
lib/scanner/src/graph-extractor.ts,lib,lib/scanner,.ts,28060,source,implemented,False,False,True,False,25
lib/scanner/src/index.ts,lib,lib/scanner,.ts,558,source,implemented,False,False,False,False,8
lib/scanner/src/metrics-calc.ts,lib,lib/scanner,.ts,5505,source,implemented,False,False,False,False,2
lib/scanner/src/python-ast-script.py,lib,lib/scanner,.py,4993,source,implemented,False,False,False,False,0
lib/scanner/src/python-ast-script.ts,lib,lib/scanner,.ts,5935,source,implemented,False,False,False,False,1
lib/scanner/src/python-extractor.ts,lib,lib/scanner,.ts,3567,source,implemented,False,False,False,False,4
lib/scanner/src/rule-matcher.ts,lib,lib/scanner,.ts,3971,source,implemented,False,False,False,False,6
lib/scanner/tsconfig.json,lib,lib/scanner,.json,244,source,implemented,False,False,False,False,0
lib/scanner/vitest.config.ts,lib,lib/scanner,.ts,304,source,implemented,False,False,False,False,1
package.json,package.json,package.json,.json,1198,root-config,config,False,False,False,False,0
pnpm-lock.yaml,pnpm-lock.yaml,pnpm-lock.yaml,.yaml,240835,root-config,config,False,False,False,False,0
pnpm-workspace.yaml,pnpm-workspace.yaml,pnpm-workspace.yaml,.yaml,6579,root-config,config,False,False,False,False,0
replit.md,replit.md,replit.md,.md,7792,root-config,config,False,False,True,True,0
scripts/check-codegen-drift.ts,scripts,scripts/check-codegen-drift.ts,.ts,2934,script,tooling,False,False,False,False,0
scripts/package.json,scripts,scripts/package.json,.json,281,script,tooling,False,False,False,False,0
scripts/post-merge.sh,scripts,scripts/post-merge.sh,.sh,72,script,tooling,False,False,False,False,0
scripts/src/hello.ts,scripts,scripts/src,.ts,46,script,tooling,False,False,False,False,0
scripts/tsconfig.json,scripts,scripts/tsconfig.json,.json,157,script,tooling,False,False,False,False,0
tsconfig.base.json,tsconfig.base.json,tsconfig.base.json,.json,692,root-config,config,False,False,False,False,0
tsconfig.json,tsconfig.json,tsconfig.json,.json,382,root-config,config,False,False,False,False,0
