path,bytes,extension,top_level,category
.agents/agent_assets_metadata.toml,414,.toml,.agents,Documentation
.agents/memory/MEMORY.md,7082,.md,.agents,Documentation
.agents/memory/ai-orchestrator-gap-closure.md,3099,.md,.agents,Documentation
.agents/memory/ai-orchestrator-hardening.md,2098,.md,.agents,Documentation
.agents/memory/ai-orchestrator-layer.md,2177,.md,.agents,Documentation
.agents/memory/ai-tool-calling.md,1811,.md,.agents,Documentation
.agents/memory/audit-fixes.md,1459,.md,.agents,Documentation
.agents/memory/clerk-401-race-cookie-vs-bearer.md,2009,.md,.agents,Documentation
.agents/memory/clerk-auth-testing.md,2255,.md,.agents,Documentation
.agents/memory/completion-plan-stale-backlog.md,1331,.md,.agents,Documentation
.agents/memory/context-cache-invalidation-rule.md,2011,.md,.agents,Documentation
.agents/memory/dashboard-scoping-pr01.md,1554,.md,.agents,Documentation
.agents/memory/discovery-adapter-registry.md,1172,.md,.agents,Documentation
.agents/memory/discovery-feature.md,2496,.md,.agents,Documentation
.agents/memory/discovery-multi-source.md,2357,.md,.agents,Documentation
.agents/memory/drizzle-error-wrapping.md,1244,.md,.agents,Documentation
.agents/memory/engineeringos-completion-plan.md,1240,.md,.agents,Documentation
.agents/memory/fk-atomic-claim-ordering.md,2145,.md,.agents,Documentation
.agents/memory/forensic-audit-batch.md,3793,.md,.agents,Documentation
.agents/memory/forensic-audit-pr01-06.md,2364,.md,.agents,Documentation
.agents/memory/gap-analysis-fixes-batch1.md,3460,.md,.agents,Documentation
.agents/memory/gap-analysis-fixes-batch2.md,2495,.md,.agents,Documentation
.agents/memory/git-ai-orchestrator-fixes.md,2113,.md,.agents,Documentation
.agents/memory/imported-project-clerk-secrets.md,1303,.md,.agents,Documentation
.agents/memory/imported-project-workflow-failures.md,1870,.md,.agents,Documentation
.agents/memory/knowledge-engine-bfs-depth.md,1592,.md,.agents,Documentation
.agents/memory/knowledge-engine.md,2299,.md,.agents,Documentation
.agents/memory/orval-openapi-codegen.md,1815,.md,.agents,Documentation
.agents/memory/pr-c-ai-autotrigger.md,1486,.md,.agents,Documentation
.agents/memory/pr-d-workflow-conditions.md,1923,.md,.agents,Documentation
.agents/memory/pr-h-i-completion.md,2498,.md,.agents,Documentation
.agents/memory/pr01-job-durability.md,1974,.md,.agents,Documentation
.agents/memory/pr02-provenance-layer.md,2806,.md,.agents,Documentation
.agents/memory/pr04-discovery-hardening.md,2530,.md,.agents,Documentation
.agents/memory/project-bootstrap.md,895,.md,.agents,Documentation
.agents/memory/project-ownership-scoping.md,2313,.md,.agents,Documentation
.agents/memory/scanner-ast-extraction.md,4047,.md,.agents,Documentation
.agents/memory/testing-drift-checks.md,1129,.md,.agents,Documentation
.agents/memory/trace-analysis.md,2813,.md,.agents,Documentation
.gitattributes,170,,.gitattributes,Other
.github/workflows/ci.yml,937,.yml,.github,Configuration
.gitignore,668,,.gitignore,Other
.npmrc,78,,.npmrc,Other
.replit,505,,.replit,Other
.replitignore,201,,.replitignore,Other
artifacts/api-server/.replit-artifact/artifact.toml,784,.toml,artifacts,Configuration
artifacts/api-server/build.mjs,3455,.mjs,artifacts,Tooling/Script
artifacts/api-server/package.json,1454,.json,artifacts,Configuration
artifacts/api-server/src/app.ts,5526,.ts,artifacts,Runtime Path
artifacts/api-server/src/config.ts,2281,.ts,artifacts,Runtime Path
artifacts/api-server/src/index.ts,1647,.ts,artifacts,Runtime Path
artifacts/api-server/src/lib/.gitkeep,0,,artifacts,Runtime Path
artifacts/api-server/src/lib/advisory-lock.ts,3249,.ts,artifacts,Runtime Path
artifacts/api-server/src/lib/audit.ts,2702,.ts,artifacts,Runtime Path
artifacts/api-server/src/lib/condition-evaluator.ts,12091,.ts,artifacts,Runtime Path
artifacts/api-server/src/lib/credentials-crypto.ts,1824,.ts,artifacts,Runtime Path
artifacts/api-server/src/lib/db-rate-limiter.ts,3743,.ts,artifacts,Runtime Path
artifacts/api-server/src/lib/discovery-adapters.test.ts,15696,.ts,artifacts,Test Path
artifacts/api-server/src/lib/discovery-adapters.ts,14536,.ts,artifacts,Runtime Path
artifacts/api-server/src/lib/discovery-runner.ts,18732,.ts,artifacts,Runtime Path
artifacts/api-server/src/lib/graph-provenance.ts,2483,.ts,artifacts,Runtime Path
artifacts/api-server/src/lib/job-queue.test.ts,2954,.ts,artifacts,Test Path
artifacts/api-server/src/lib/job-queue.ts,4597,.ts,artifacts,Runtime Path
artifacts/api-server/src/lib/job-reconciliation.test.ts,11389,.ts,artifacts,Test Path
artifacts/api-server/src/lib/job-reconciliation.ts,13115,.ts,artifacts,Runtime Path
artifacts/api-server/src/lib/logger.ts,426,.ts,artifacts,Runtime Path
artifacts/api-server/src/lib/path-validation.test.ts,11317,.ts,artifacts,Test Path
artifacts/api-server/src/lib/path-validation.ts,5362,.ts,artifacts,Runtime Path
artifacts/api-server/src/lib/plugin-runtime.test.ts,11411,.ts,artifacts,Test Path
artifacts/api-server/src/lib/plugin-runtime.ts,13751,.ts,artifacts,Runtime Path
artifacts/api-server/src/lib/project-error.test.ts,7926,.ts,artifacts,Test Path
artifacts/api-server/src/lib/rootpath-validator.ts,4000,.ts,artifacts,Runtime Path
artifacts/api-server/src/lib/scan-runner.ts,18820,.ts,artifacts,Runtime Path
artifacts/api-server/src/lib/startup-migrations.ts,2424,.ts,artifacts,Runtime Path
artifacts/api-server/src/lib/upload-store.ts,2925,.ts,artifacts,Runtime Path
artifacts/api-server/src/middlewares/.gitkeep,0,,artifacts,Runtime Path
artifacts/api-server/src/middlewares/clerkProxyMiddleware.ts,5931,.ts,artifacts,Runtime Path
artifacts/api-server/src/middlewares/requireAuth.test.ts,5662,.ts,artifacts,Test Path
artifacts/api-server/src/middlewares/requireAuth.ts,2931,.ts,artifacts,Runtime Path
artifacts/api-server/src/middlewares/requireProjectAccess.ts,4974,.ts,artifacts,Runtime Path
artifacts/api-server/src/routes/ai-route-parity.test.ts,5414,.ts,artifacts,Test Path
artifacts/api-server/src/routes/ai.test.ts,31287,.ts,artifacts,Test Path
artifacts/api-server/src/routes/ai.ts,65845,.ts,artifacts,Runtime Path
artifacts/api-server/src/routes/dashboard.test.ts,14740,.ts,artifacts,Test Path
artifacts/api-server/src/routes/dashboard.ts,5465,.ts,artifacts,Runtime Path
artifacts/api-server/src/routes/discovery.test.ts,30603,.ts,artifacts,Test Path
artifacts/api-server/src/routes/discovery.ts,20174,.ts,artifacts,Runtime Path
artifacts/api-server/src/routes/events.test.ts,7869,.ts,artifacts,Test Path
artifacts/api-server/src/routes/events.ts,2184,.ts,artifacts,Runtime Path
artifacts/api-server/src/routes/git.ts,15044,.ts,artifacts,Runtime Path
artifacts/api-server/src/routes/graph.test.ts,32928,.ts,artifacts,Test Path
artifacts/api-server/src/routes/graph.ts,16430,.ts,artifacts,Runtime Path
artifacts/api-server/src/routes/health.test.ts,751,.ts,artifacts,Test Path
artifacts/api-server/src/routes/health.ts,384,.ts,artifacts,Runtime Path
artifacts/api-server/src/routes/index.ts,1088,.ts,artifacts,Runtime Path
artifacts/api-server/src/routes/metrics.test.ts,4280,.ts,artifacts,Test Path
artifacts/api-server/src/routes/metrics.ts,3095,.ts,artifacts,Runtime Path
artifacts/api-server/src/routes/plugins.test.ts,1205,.ts,artifacts,Test Path
artifacts/api-server/src/routes/plugins.ts,4340,.ts,artifacts,Runtime Path
artifacts/api-server/src/routes/projects.test.ts,18499,.ts,artifacts,Test Path
artifacts/api-server/src/routes/projects.ts,8780,.ts,artifacts,Runtime Path
artifacts/api-server/src/routes/rules.test.ts,12426,.ts,artifacts,Test Path
artifacts/api-server/src/routes/rules.ts,7394,.ts,artifacts,Runtime Path
artifacts/api-server/src/routes/tasks.test.ts,12530,.ts,artifacts,Test Path
artifacts/api-server/src/routes/tasks.ts,16999,.ts,artifacts,Runtime Path
artifacts/api-server/src/routes/upload.ts,3243,.ts,artifacts,Runtime Path
artifacts/api-server/src/routes/workflows.test.ts,11527,.ts,artifacts,Test Path
artifacts/api-server/src/routes/workflows.ts,22607,.ts,artifacts,Runtime Path
artifacts/api-server/src/scripts/seed-provenance.ts,7490,.ts,artifacts,Runtime Path
artifacts/api-server/src/services/task-service.ts,6043,.ts,artifacts,Runtime Path
artifacts/api-server/src/services/workflow-service.ts,3504,.ts,artifacts,Runtime Path
artifacts/api-server/src/types/express.d.ts,2080,.ts,artifacts,Runtime Path
artifacts/api-server/tsconfig.json,549,.json,artifacts,Configuration
artifacts/api-server/vitest.config.ts,208,.ts,artifacts,Runtime Path
artifacts/dashboard/.replit-artifact/artifact.toml,561,.toml,artifacts,Configuration
artifacts/dashboard/components.json,434,.json,artifacts,Configuration
artifacts/dashboard/index.html,1352,.html,artifacts,Configuration
artifacts/dashboard/package.json,2853,.json,artifacts,Configuration
artifacts/dashboard/public/favicon.svg,163,.svg,artifacts,Configuration
artifacts/dashboard/public/logo.svg,502,.svg,artifacts,Configuration
artifacts/dashboard/public/robots.txt,23,.txt,artifacts,Runtime Path
artifacts/dashboard/src/App.tsx,5257,.tsx,artifacts,Runtime Path
artifacts/dashboard/src/components/GitPanel.tsx,20377,.tsx,artifacts,Runtime Path
artifacts/dashboard/src/components/layout/Shell.tsx,1829,.tsx,artifacts,Runtime Path
artifacts/dashboard/src/components/layout/Sidebar.tsx,3916,.tsx,artifacts,Runtime Path
artifacts/dashboard/src/components/ui/accordion.tsx,2013,.tsx,artifacts,Runtime Path
artifacts/dashboard/src/components/ui/alert-dialog.tsx,4447,.tsx,artifacts,Runtime Path
artifacts/dashboard/src/components/ui/alert.tsx,1609,.tsx,artifacts,Runtime Path
artifacts/dashboard/src/components/ui/aspect-ratio.tsx,143,.tsx,artifacts,Runtime Path
artifacts/dashboard/src/components/ui/avatar.tsx,1431,.tsx,artifacts,Runtime Path
artifacts/dashboard/src/components/ui/badge.tsx,1528,.tsx,artifacts,Runtime Path
artifacts/dashboard/src/components/ui/breadcrumb.tsx,2735,.tsx,artifacts,Runtime Path
artifacts/dashboard/src/components/ui/button-group.tsx,2222,.tsx,artifacts,Runtime Path
artifacts/dashboard/src/components/ui/button.tsx,2370,.tsx,artifacts,Runtime Path
artifacts/dashboard/src/components/ui/calendar.tsx,7607,.tsx,artifacts,Runtime Path
artifacts/dashboard/src/components/ui/card.tsx,1856,.tsx,artifacts,Runtime Path
artifacts/dashboard/src/components/ui/carousel.tsx,6288,.tsx,artifacts,Runtime Path
artifacts/dashboard/src/components/ui/chart.tsx,10846,.tsx,artifacts,Runtime Path
artifacts/dashboard/src/components/ui/checkbox.tsx,1038,.tsx,artifacts,Runtime Path
artifacts/dashboard/src/components/ui/collapsible.tsx,335,.tsx,artifacts,Runtime Path
artifacts/dashboard/src/components/ui/command.tsx,4918,.tsx,artifacts,Runtime Path
artifacts/dashboard/src/components/ui/context-menu.tsx,7446,.tsx,artifacts,Runtime Path
artifacts/dashboard/src/components/ui/dialog.tsx,3889,.tsx,artifacts,Runtime Path
artifacts/dashboard/src/components/ui/drawer.tsx,3029,.tsx,artifacts,Runtime Path
artifacts/dashboard/src/components/ui/dropdown-menu.tsx,7646,.tsx,artifacts,Runtime Path
artifacts/dashboard/src/components/ui/empty.tsx,2410,.tsx,artifacts,Runtime Path
artifacts/dashboard/src/components/ui/field.tsx,6079,.tsx,artifacts,Runtime Path
artifacts/dashboard/src/components/ui/form.tsx,4232,.tsx,artifacts,Runtime Path
artifacts/dashboard/src/components/ui/hover-card.tsx,1245,.tsx,artifacts,Runtime Path
artifacts/dashboard/src/components/ui/input-group.tsx,4993,.tsx,artifacts,Runtime Path
artifacts/dashboard/src/components/ui/input-otp.tsx,2160,.tsx,artifacts,Runtime Path
artifacts/dashboard/src/components/ui/input.tsx,775,.tsx,artifacts,Runtime Path
artifacts/dashboard/src/components/ui/item.tsx,4519,.tsx,artifacts,Runtime Path
artifacts/dashboard/src/components/ui/kbd.tsx,867,.tsx,artifacts,Runtime Path
artifacts/dashboard/src/components/ui/label.tsx,733,.tsx,artifacts,Runtime Path
artifacts/dashboard/src/components/ui/menubar.tsx,8655,.tsx,artifacts,Runtime Path
artifacts/dashboard/src/components/ui/navigation-menu.tsx,5150,.tsx,artifacts,Runtime Path
artifacts/dashboard/src/components/ui/pagination.tsx,2772,.tsx,artifacts,Runtime Path
artifacts/dashboard/src/components/ui/popover.tsx,1351,.tsx,artifacts,Runtime Path
artifacts/dashboard/src/components/ui/progress.tsx,799,.tsx,artifacts,Runtime Path
artifacts/dashboard/src/components/ui/radio-group.tsx,1421,.tsx,artifacts,Runtime Path
artifacts/dashboard/src/components/ui/resizable.tsx,1733,.tsx,artifacts,Runtime Path
artifacts/dashboard/src/components/ui/scroll-area.tsx,1650,.tsx,artifacts,Runtime Path
artifacts/dashboard/src/components/ui/select.tsx,5773,.tsx,artifacts,Runtime Path
artifacts/dashboard/src/components/ui/separator.tsx,764,.tsx,artifacts,Runtime Path
artifacts/dashboard/src/components/ui/sheet.tsx,4307,.tsx,artifacts,Runtime Path
artifacts/dashboard/src/components/ui/sidebar.tsx,21969,.tsx,artifacts,Runtime Path
artifacts/dashboard/src/components/ui/skeleton.tsx,269,.tsx,artifacts,Runtime Path
artifacts/dashboard/src/components/ui/slider.tsx,1043,.tsx,artifacts,Runtime Path
artifacts/dashboard/src/components/ui/sonner.tsx,902,.tsx,artifacts,Runtime Path
artifacts/dashboard/src/components/ui/spinner.tsx,334,.tsx,artifacts,Runtime Path
artifacts/dashboard/src/components/ui/switch.tsx,1155,.tsx,artifacts,Runtime Path
artifacts/dashboard/src/components/ui/table.tsx,2881,.tsx,artifacts,Runtime Path
artifacts/dashboard/src/components/ui/tabs.tsx,1890,.tsx,artifacts,Runtime Path
artifacts/dashboard/src/components/ui/textarea.tsx,655,.tsx,artifacts,Runtime Path
artifacts/dashboard/src/components/ui/toast.tsx,4871,.tsx,artifacts,Runtime Path
artifacts/dashboard/src/components/ui/toaster.tsx,777,.tsx,artifacts,Runtime Path
artifacts/dashboard/src/components/ui/toggle-group.tsx,1767,.tsx,artifacts,Runtime Path
artifacts/dashboard/src/components/ui/toggle.tsx,1494,.tsx,artifacts,Runtime Path
artifacts/dashboard/src/components/ui/tooltip.tsx,1277,.tsx,artifacts,Runtime Path
artifacts/dashboard/src/hooks/use-mobile.tsx,576,.tsx,artifacts,Runtime Path
artifacts/dashboard/src/hooks/use-toast.ts,3952,.ts,artifacts,Runtime Path
artifacts/dashboard/src/index.css,7601,.css,artifacts,Configuration
artifacts/dashboard/src/lib/api-fetch.ts,2160,.ts,artifacts,Runtime Path
artifacts/dashboard/src/lib/clerk.ts,2416,.ts,artifacts,Runtime Path
artifacts/dashboard/src/lib/utils.ts,169,.ts,artifacts,Runtime Path
artifacts/dashboard/src/main.tsx,159,.tsx,artifacts,Runtime Path
artifacts/dashboard/src/pages/AiChat.tsx,37499,.tsx,artifacts,Runtime Path
artifacts/dashboard/src/pages/Dashboard.tsx,13902,.tsx,artifacts,Runtime Path
artifacts/dashboard/src/pages/DiscoverProjectWizard.tsx,47244,.tsx,artifacts,Runtime Path
artifacts/dashboard/src/pages/Events.tsx,7383,.tsx,artifacts,Runtime Path
artifacts/dashboard/src/pages/Graph.tsx,31302,.tsx,artifacts,Runtime Path
artifacts/dashboard/src/pages/Landing.tsx,2965,.tsx,artifacts,Runtime Path
artifacts/dashboard/src/pages/Metrics.tsx,10491,.tsx,artifacts,Runtime Path
artifacts/dashboard/src/pages/ProjectDetail.tsx,17417,.tsx,artifacts,Runtime Path
artifacts/dashboard/src/pages/Projects.tsx,9579,.tsx,artifacts,Runtime Path
artifacts/dashboard/src/pages/Rules.tsx,21068,.tsx,artifacts,Runtime Path
artifacts/dashboard/src/pages/SignIn.tsx,362,.tsx,artifacts,Runtime Path
artifacts/dashboard/src/pages/SignUp.tsx,362,.tsx,artifacts,Runtime Path
artifacts/dashboard/src/pages/Tasks.tsx,19713,.tsx,artifacts,Runtime Path
artifacts/dashboard/src/pages/Workflows.tsx,25031,.tsx,artifacts,Runtime Path
artifacts/dashboard/src/pages/not-found.tsx,971,.tsx,artifacts,Runtime Path
artifacts/dashboard/tsconfig.json,520,.json,artifacts,Configuration
artifacts/dashboard/vite.config.ts,1822,.ts,artifacts,Runtime Path
artifacts/mockup-sandbox/.replit-artifact/artifact.toml,327,.toml,artifacts,Configuration
artifacts/mockup-sandbox/components.json,426,.json,artifacts,Configuration
artifacts/mockup-sandbox/index.html,4325,.html,artifacts,Configuration
artifacts/mockup-sandbox/mockupPreviewPlugin.ts,4639,.ts,artifacts,Runtime Path
artifacts/mockup-sandbox/package.json,2515,.json,artifacts,Configuration
artifacts/mockup-sandbox/src/.generated/mockup-components.ts,171,.ts,artifacts,Runtime Path
artifacts/mockup-sandbox/src/App.tsx,3654,.tsx,artifacts,Runtime Path
artifacts/mockup-sandbox/src/components/ui/accordion.tsx,2001,.tsx,artifacts,Runtime Path
artifacts/mockup-sandbox/src/components/ui/alert-dialog.tsx,4419,.tsx,artifacts,Runtime Path
artifacts/mockup-sandbox/src/components/ui/alert.tsx,1598,.tsx,artifacts,Runtime Path
artifacts/mockup-sandbox/src/components/ui/aspect-ratio.tsx,140,.tsx,artifacts,Runtime Path
artifacts/mockup-sandbox/src/components/ui/avatar.tsx,1419,.tsx,artifacts,Runtime Path
artifacts/mockup-sandbox/src/components/ui/badge.tsx,1163,.tsx,artifacts,Runtime Path
artifacts/mockup-sandbox/src/components/ui/breadcrumb.tsx,2712,.tsx,artifacts,Runtime Path
artifacts/mockup-sandbox/src/components/ui/button-group.tsx,2209,.tsx,artifacts,Runtime Path
artifacts/mockup-sandbox/src/components/ui/button.tsx,1925,.tsx,artifacts,Runtime Path
artifacts/mockup-sandbox/src/components/ui/calendar.tsx,7569,.tsx,artifacts,Runtime Path
artifacts/mockup-sandbox/src/components/ui/card.tsx,1828,.tsx,artifacts,Runtime Path
artifacts/mockup-sandbox/src/components/ui/carousel.tsx,6210,.tsx,artifacts,Runtime Path
artifacts/mockup-sandbox/src/components/ui/chart.tsx,10674,.tsx,artifacts,Runtime Path
artifacts/mockup-sandbox/src/components/ui/checkbox.tsx,1031,.tsx,artifacts,Runtime Path
artifacts/mockup-sandbox/src/components/ui/collapsible.tsx,329,.tsx,artifacts,Runtime Path
artifacts/mockup-sandbox/src/components/ui/command.tsx,4887,.tsx,artifacts,Runtime Path
artifacts/mockup-sandbox/src/components/ui/context-menu.tsx,7406,.tsx,artifacts,Runtime Path
artifacts/mockup-sandbox/src/components/ui/dialog.tsx,3835,.tsx,artifacts,Runtime Path
artifacts/mockup-sandbox/src/components/ui/drawer.tsx,3007,.tsx,artifacts,Runtime Path
artifacts/mockup-sandbox/src/components/ui/dropdown-menu.tsx,7606,.tsx,artifacts,Runtime Path
artifacts/mockup-sandbox/src/components/ui/empty.tsx,2396,.tsx,artifacts,Runtime Path
artifacts/mockup-sandbox/src/components/ui/field.tsx,6044,.tsx,artifacts,Runtime Path
artifacts/mockup-sandbox/src/components/ui/form.tsx,4175,.tsx,artifacts,Runtime Path
artifacts/mockup-sandbox/src/components/ui/hover-card.tsx,1237,.tsx,artifacts,Runtime Path
artifacts/mockup-sandbox/src/components/ui/input-group.tsx,4883,.tsx,artifacts,Runtime Path
artifacts/mockup-sandbox/src/components/ui/input-otp.tsx,2143,.tsx,artifacts,Runtime Path
artifacts/mockup-sandbox/src/components/ui/input.tsx,768,.tsx,artifacts,Runtime Path
artifacts/mockup-sandbox/src/components/ui/item.tsx,4494,.tsx,artifacts,Runtime Path
artifacts/mockup-sandbox/src/components/ui/kbd.tsx,862,.tsx,artifacts,Runtime Path
artifacts/mockup-sandbox/src/components/ui/label.tsx,724,.tsx,artifacts,Runtime Path
artifacts/mockup-sandbox/src/components/ui/menubar.tsx,8608,.tsx,artifacts,Runtime Path
artifacts/mockup-sandbox/src/components/ui/navigation-menu.tsx,5124,.tsx,artifacts,Runtime Path
artifacts/mockup-sandbox/src/components/ui/pagination.tsx,2751,.tsx,artifacts,Runtime Path
artifacts/mockup-sandbox/src/components/ui/popover.tsx,1342,.tsx,artifacts,Runtime Path
artifacts/mockup-sandbox/src/components/ui/progress.tsx,792,.tsx,artifacts,Runtime Path
artifacts/mockup-sandbox/src/components/ui/radio-group.tsx,1410,.tsx,artifacts,Runtime Path
artifacts/mockup-sandbox/src/components/ui/resizable.tsx,1723,.tsx,artifacts,Runtime Path
artifacts/mockup-sandbox/src/components/ui/scroll-area.tsx,1642,.tsx,artifacts,Runtime Path
artifacts/mockup-sandbox/src/components/ui/select.tsx,5745,.tsx,artifacts,Runtime Path
artifacts/mockup-sandbox/src/components/ui/separator.tsx,756,.tsx,artifacts,Runtime Path
artifacts/mockup-sandbox/src/components/ui/sheet.tsx,4280,.tsx,artifacts,Runtime Path
artifacts/mockup-sandbox/src/components/ui/sidebar.tsx,21056,.tsx,artifacts,Runtime Path
artifacts/mockup-sandbox/src/components/ui/skeleton.tsx,266,.tsx,artifacts,Runtime Path
artifacts/mockup-sandbox/src/components/ui/slider.tsx,1037,.tsx,artifacts,Runtime Path
artifacts/mockup-sandbox/src/components/ui/sonner.tsx,894,.tsx,artifacts,Runtime Path
artifacts/mockup-sandbox/src/components/ui/spinner.tsx,331,.tsx,artifacts,Runtime Path
artifacts/mockup-sandbox/src/components/ui/switch.tsx,1148,.tsx,artifacts,Runtime Path
artifacts/mockup-sandbox/src/components/ui/table.tsx,2859,.tsx,artifacts,Runtime Path
artifacts/mockup-sandbox/src/components/ui/tabs.tsx,1877,.tsx,artifacts,Runtime Path
artifacts/mockup-sandbox/src/components/ui/textarea.tsx,649,.tsx,artifacts,Runtime Path
artifacts/mockup-sandbox/src/components/ui/toast.tsx,4845,.tsx,artifacts,Runtime Path
artifacts/mockup-sandbox/src/components/ui/toaster.tsx,772,.tsx,artifacts,Runtime Path
artifacts/mockup-sandbox/src/components/ui/toggle-group.tsx,1753,.tsx,artifacts,Runtime Path
artifacts/mockup-sandbox/src/components/ui/toggle.tsx,1486,.tsx,artifacts,Runtime Path
artifacts/mockup-sandbox/src/components/ui/tooltip.tsx,1267,.tsx,artifacts,Runtime Path
artifacts/mockup-sandbox/src/hooks/use-mobile.tsx,565,.tsx,artifacts,Runtime Path
artifacts/mockup-sandbox/src/hooks/use-toast.ts,3767,.ts,artifacts,Runtime Path
artifacts/mockup-sandbox/src/index.css,5760,.css,artifacts,Configuration
artifacts/mockup-sandbox/src/lib/utils.ts,166,.ts,artifacts,Runtime Path
artifacts/mockup-sandbox/src/main.tsx,157,.tsx,artifacts,Runtime Path
artifacts/mockup-sandbox/tsconfig.json,513,.json,artifacts,Configuration
artifacts/mockup-sandbox/vite.config.ts,1592,.ts,artifacts,Runtime Path
attached_assets/#U062a#U062d#U0644#U064a#U0644_EngineeringOS_1783804577785.docx,20978,.docx,attached_assets,Documentation
attached_assets/#U062e#U0637#U0629_#U0627#U0644#U0639#U0645#U0644_#U0627#U0644#U062a#U0646#U0641#U064a#U0630#U064a#U0629_#U0644#U0645#U0634#U0631#U0648#U0639_EngineeringOS_1783729892699.docx,18423,.docx,attached_assets,Documentation
attached_assets/ENGINEERINGOS_EXECUTION_ALIGNMENT_REPORT_1784147505317.md,7277,.md,attached_assets,Documentation
attached_assets/ENGINEERINGOS_MASTER_EXECUTION_CONSTITUTION(2)_(2)_1784143389784.md,17268,.md,attached_assets,Documentation
attached_assets/ENGINEERINGOS_PLACEHOLDER_REGISTER_1784147505353.md,12786,.md,attached_assets,Documentation
attached_assets/ENGINEERINGOS_RUNTIME_EXECUTION_MATRIX_1784147505400.md,3652,.md,attached_assets,Documentation
attached_assets/EngineeringOS_Audit_Report_1783641389270.md,14716,.md,attached_assets,Documentation
attached_assets/EngineeringOS_Audit_Report_Expanded_1783642792349.md,17381,.md,attached_assets,Documentation
attached_assets/EngineeringOS_Combined_Deep_Analysis_(1)_1783706911895.md,13363,.md,attached_assets,Documentation
attached_assets/EngineeringOS_Engineering_Truth_Verification_1784082430324.csv,151098,.csv,attached_assets,Documentation
attached_assets/EngineeringOS_Engineering_Truth_Verification_1784082430371.md,9957,.md,attached_assets,Documentation
attached_assets/EngineeringOS_Execution_Plan_1783831261195.pdf,104811,.pdf,attached_assets,Documentation
attached_assets/EngineeringOS_Executive_Build_Directive_v1_1783912619169.md,11583,.md,attached_assets,Documentation
attached_assets/EngineeringOS_File_Inventory_Complete(1)_1783706911845.md,16789,.md,attached_assets,Documentation
attached_assets/EngineeringOS_File_by_File_Fact_Record_1783725698283.md,91708,.md,attached_assets,Documentation
attached_assets/EngineeringOS_Implementation_Document_1783726156016.md,24261,.md,attached_assets,Documentation
attached_assets/EngineeringOS_Master_Truth_Register_(1)_1784077194501.xlsx,56845,.xlsx,attached_assets,Documentation
attached_assets/EngineeringOS_Plan_1783818095882.pdf,81293,.pdf,attached_assets,Documentation
attached_assets/EngineeringOS_Project_1783718452179.pdf,53834,.pdf,attached_assets,Documentation
attached_assets/EngineeringOS_Truth_Flow_Matrix.schema_1784143389669.ts,12609,.ts,attached_assets,Documentation
attached_assets/EngineeringOS_Truth_Flow_Matrix_1784143389833.json,4773,.json,attached_assets,Documentation
attached_assets/EngineeringOS_Truth_Flow_Matrix_1784143389882.ts,4243,.ts,attached_assets,Documentation
attached_assets/EngineeringOS_Truth_Flow_PR_Checklist_1784143389929.md,3032,.md,attached_assets,Documentation
attached_assets/EngineeringOS_Truth_Register_Full_(1)_1784081699025.csv,166934,.csv,attached_assets,Documentation
attached_assets/EngineeringOS_Truth_Register_Full_1784081611461.csv,166934,.csv,attached_assets,Documentation
attached_assets/EngineeringOS_Truth_Register_and_PR_Roadmap_(1)_1784081698974.md,16652,.md,attached_assets,Documentation
attached_assets/EngineeringOS_Truth_Register_and_PR_Roadmap_1784081611536.md,16652,.md,attached_assets,Documentation
attached_assets/EngineeringOS_analysis_report(2)_(1)_1784047036210.md,40290,.md,attached_assets,Documentation
attached_assets/EngineeringOS_analysis_summary_1784485047967.json,4274,.json,attached_assets,Documentation
attached_assets/EngineeringOS_analysis_summary_1784487574320.json,4274,.json,attached_assets,Documentation
attached_assets/EngineeringOS_analysis_summary_1784488259980.json,4274,.json,attached_assets,Documentation
attached_assets/EngineeringOS_analysis_summary_1784489456836.json,4274,.json,attached_assets,Documentation
attached_assets/EngineeringOS_api_zod_index_export_diff_1784143389744.txt,162,.txt,attached_assets,Documentation
attached_assets/EngineeringOS_architecture_analysis_report_1784040976647.md,10572,.md,attached_assets,Documentation
attached_assets/EngineeringOS_archive_entries_1784040976692.csv,62290,.csv,attached_assets,Documentation
attached_assets/EngineeringOS_archive_entries_1784041152876.csv,62290,.csv,attached_assets,Documentation
attached_assets/EngineeringOS_code_deep_analysis_1784052671648.md,14357,.md,attached_assets,Documentation
attached_assets/EngineeringOS_code_deep_analysis_1784052762652.md,14357,.md,attached_assets,Documentation
attached_assets/EngineeringOS_current_analysis_report_1784052671601.md,11212,.md,attached_assets,Documentation
attached_assets/EngineeringOS_current_analysis_report_1784052762572.md,11212,.md,attached_assets,Documentation
attached_assets/EngineeringOS_deep_analysis_report_1783800987828.md,14614,.md,attached_assets,Documentation
attached_assets/EngineeringOS_deep_dive_analysis_v2_1784152351310.md,13702,.md,attached_assets,Documentation
attached_assets/EngineeringOS_deepest_analysis_report(1)_(2)_1784154247108.md,8801,.md,attached_assets,Documentation
attached_assets/EngineeringOS_deepest_analysis_report_(1)_1784081611576.md,13206,.md,attached_assets,Documentation
attached_assets/EngineeringOS_deepest_analysis_report_(1)_1784081699061.md,13206,.md,attached_assets,Documentation
attached_assets/EngineeringOS_file_inventory_(1)_1783729892809.csv,38456,.csv,attached_assets,Documentation
attached_assets/EngineeringOS_file_inventory_current_1784052671527.csv,79100,.csv,attached_assets,Documentation
attached_assets/EngineeringOS_file_inventory_current_1784052762450.csv,79100,.csv,attached_assets,Documentation
attached_assets/EngineeringOS_file_inventory_full(2)_1783988496247.csv,55061,.csv,attached_assets,Documentation
attached_assets/EngineeringOS_file_inventory_full_1783800987783.csv,28551,.csv,attached_assets,Documentation
attached_assets/EngineeringOS_file_inventory_v2_1784427571850.csv,95375,.csv,attached_assets,Documentation
attached_assets/EngineeringOS_file_inventory_v2_1784427972718.csv,95375,.csv,attached_assets,Documentation
attached_assets/EngineeringOS_forensic_audit_report(1)_(1)_1784509785486.md,15995,.md,attached_assets,Documentation
attached_assets/EngineeringOS_forensic_engineering_report_v2_1784427571793.md,18265,.md,attached_assets,Documentation
attached_assets/EngineeringOS_forensic_engineering_report_v2_1784427972668.md,18265,.md,attached_assets,Documentation
attached_assets/EngineeringOS_forensic_report(1)_1784492362639.md,31674,.md,attached_assets,Documentation
attached_assets/EngineeringOS_forensic_report(1)_1784492400992.md,31674,.md,attached_assets,Documentation
attached_assets/EngineeringOS_forensic_report_full(1)_1784485047923.md,25450,.md,attached_assets,Documentation
attached_assets/EngineeringOS_forensic_report_full(1)_1784487574279.md,25450,.md,attached_assets,Documentation
attached_assets/EngineeringOS_forensic_report_full(1)_1784488259926.md,25450,.md,attached_assets,Documentation
attached_assets/EngineeringOS_forensic_report_full(1)_1784489456770.md,25450,.md,attached_assets,Documentation
attached_assets/EngineeringOS_full_analysis_report_1783988496190.md,8762,.md,attached_assets,Documentation
attached_assets/EngineeringOS_full_file_inventory(1)_1784040976594.csv,56563,.csv,attached_assets,Documentation
attached_assets/EngineeringOS_full_file_inventory(1)_1784041152926.csv,56563,.csv,attached_assets,Documentation
attached_assets/EngineeringOS_full_file_inventory_1784492401113.csv,83815,.csv,attached_assets,Documentation
attached_assets/EngineeringOS_full_inventory(1)_1784485047848.csv,102931,.csv,attached_assets,Documentation
attached_assets/EngineeringOS_full_inventory(1)_1784487574226.csv,102931,.csv,attached_assets,Documentation
attached_assets/EngineeringOS_full_inventory(1)_1784488259874.csv,102931,.csv,attached_assets,Documentation
attached_assets/EngineeringOS_full_inventory(1)_1784489456653.csv,102931,.csv,attached_assets,Documentation
attached_assets/EngineeringOS_master_inventory(1)_(1)_1784509785451.csv,73687,.csv,attached_assets,Documentation
attached_assets/EngineeringOS_minimum_path_to_vision_(1)_1783830867380.md,15261,.md,attached_assets,Documentation
attached_assets/EngineeringOS_minimum_path_to_vision_1783830816710.md,15261,.md,attached_assets,Documentation
attached_assets/EngineeringOS_operational_status_record_1783912104506.md,5354,.md,attached_assets,Documentation
attached_assets/EngineeringOS_project_analysis_report(1)_1783729892769.md,13022,.md,attached_assets,Documentation
attached_assets/EngineeringOS_provenance_registry_linked_1783911530593.json,422336,.json,attached_assets,Documentation
attached_assets/EngineeringOS_provenance_registry_seed_1783911530658.json,248584,.json,attached_assets,Documentation
attached_assets/EngineeringOS_replit_execution_directive_1783800987701.json,11716,.json,attached_assets,Documentation
attached_assets/EngineeringOS_replit_execution_directive_1783800987743.md,11867,.md,attached_assets,Documentation
attached_assets/EngineeringOS_runtime_trace_matrix_1784492401053.csv,958,.csv,attached_assets,Documentation
attached_assets/EngineeringOS_series14_truth_matrix_1783966531635.md,13771,.md,attached_assets,Documentation
attached_assets/EngineeringOS_series15_deep_evidence_1783966531578.md,13524,.md,attached_assets,Documentation
attached_assets/EngineeringOS_series16_truth_matrix_(1)_1783966531512.md,12532,.md,attached_assets,Documentation
attached_assets/EngineeringOS_series17_deep_analysis_1783966531444.md,13745,.md,attached_assets,Documentation
attached_assets/EngineeringOS_series18_status_register_(1)_1783966531375.md,9763,.md,attached_assets,Documentation
attached_assets/EngineeringOS_series19_control_plane_evidence_1783966531303.md,14100,.md,attached_assets,Documentation
attached_assets/EngineeringOS_series20_status_register_1783966531239.md,13761,.md,attached_assets,Documentation
attached_assets/EngineeringOS_series21_deep_status_1783966531177.md,11759,.md,attached_assets,Documentation
attached_assets/EngineeringOS_series22_second_wave_analysis_1783966531113.md,7779,.md,attached_assets,Documentation
attached_assets/EngineeringOS_series23_self_verifying_architecture_1783966531049.md,10473,.md,attached_assets,Documentation
attached_assets/EngineeringOS_series24_deep_evidence_1783966530990.md,9605,.md,attached_assets,Documentation
attached_assets/EngineeringOS_series25_truth_register_1783966530939.md,11680,.md,attached_assets,Documentation
attached_assets/EngineeringOS_series26_boundary_analysis_1783966530884.md,12996,.md,attached_assets,Documentation
attached_assets/EngineeringOS_series27_failure_semantics_1783966530824.md,13504,.md,attached_assets,Documentation
attached_assets/EngineeringOS_series28_traceability_mesh_1783966530766.md,13996,.md,attached_assets,Documentation
attached_assets/EngineeringOS_series29_trust_boundary_register_1783966530702.md,9234,.md,attached_assets,Documentation
attached_assets/EngineeringOS_series30_release_handoff_audit_1783966530642.md,9762,.md,attached_assets,Documentation
attached_assets/EngineeringOS_series31_release_handoff_audit_1783966530586.md,17069,.md,attached_assets,Documentation
attached_assets/EngineeringOS_series32_phase_conformance_audit_1783966530537.md,13126,.md,attached_assets,Documentation
attached_assets/EngineeringOS_series33_provenance_authority_graph_1783966530470.md,9276,.md,attached_assets,Documentation
attached_assets/EngineeringOS_status_record_(1)_1783980758791.md,10832,.md,attached_assets,Documentation
attached_assets/EngineeringOS_status_register_(1)_1783818095824.md,47392,.md,attached_assets,Documentation
attached_assets/EngineeringOS_status_register_final_1783902107873.md,13170,.md,attached_assets,Documentation
attached_assets/EngineeringOS_task_backlog_1783800987875.json,5563,.json,attached_assets,Documentation
attached_assets/EngineeringOS_truth_checklist_1784322972343.md,92884,.md,attached_assets,Documentation
attached_assets/EngineeringOS_truth_checklist_1784326108247.md,92884,.md,attached_assets,Documentation
attached_assets/EngineeringOS_truth_register_current_1783825680736.md,33405,.md,attached_assets,Documentation
attached_assets/Engineering_Os_Fact_Record_1783718570175.pdf,104719,.pdf,attached_assets,Documentation
attached_assets/Engineering_Os_Phased_Completion_Plan_(1)_1783718452123.pdf,77805,.pdf,attached_assets,Documentation
attached_assets/Engineering_Os_Phased_Completion_Plan_1783718452216.pdf,77807,.pdf,attached_assets,Documentation
attached_assets/PR_BACKLOG_1784470184510.md,16676,.md,attached_assets,Documentation
attached_assets/PR_BACKLOG_1784476473246.md,16859,.md,attached_assets,Documentation
attached_assets/Pasted---1783906604381_1783906604385.txt,15317,.txt,attached_assets,Documentation
attached_assets/Pasted---1783956390496_1783956390501.txt,10819,.txt,attached_assets,Documentation
attached_assets/Pasted---1784163447147_1784163447161.txt,6695,.txt,attached_assets,Documentation
attached_assets/Pasted---1784163799356_1784163799366.txt,12487,.txt,attached_assets,Documentation
attached_assets/Pasted---1784230995192_1784230995203.txt,23444,.txt,attached_assets,Documentation
attached_assets/Pasted---1784231528183_1784231528198.txt,23444,.txt,attached_assets,Documentation
attached_assets/Pasted---1784232069146_1784232069153.txt,11255,.txt,attached_assets,Documentation
attached_assets/Pasted---1784348446604_1784348446608.txt,7498,.txt,attached_assets,Documentation
attached_assets/Pasted---1784389595241_1784389595255.txt,5426,.txt,attached_assets,Documentation
attached_assets/Pasted--1--1784078393552_1784078393558.txt,11565,.txt,attached_assets,Documentation
attached_assets/Pasted--1-Executive-Summary-I-scanned-the-whole-extracted-tree_1784520091488.txt,41285,.txt,attached_assets,Documentation
attached_assets/Pasted--1-Executive-Summary-I-scanned-the-whole-extracted-tree_1784520380555.txt,41285,.txt,attached_assets,Documentation
attached_assets/Pasted--1-Executive-Summary-I-scanned-the-whole-extracted-tree_1784565784400.txt,41285,.txt,attached_assets,Documentation
attached_assets/Pasted--Backlog-Execution-Backlog-v1-0--1783975284276_1783975284279.txt,9560,.txt,attached_assets,Documentation
attached_assets/Pasted--Code-Review-Plan-Groq-Scope-Save-API--1784175594438_1784175594440.txt,8108,.txt,attached_assets,Documentation
attached_assets/Pasted--Discovery-Layer--1783988471815_1783988471818.txt,6388,.txt,attached_assets,Documentation
attached_assets/Pasted--EngineeringOS--1784145653787_1784145653789.txt,11451,.txt,attached_assets,Documentation
attached_assets/Pasted--EngineeringOS-Autonomous-Project-Discovery-Onboarding-_1783565505918.txt,6622,.txt,attached_assets,Documentation
attached_assets/Pasted--EngineeringOS-Autonomous-Project-Discovery-Onboarding-_1783566150077.txt,6622,.txt,attached_assets,Documentation
attached_assets/Pasted--EngineeringOS-PR-Backlog-File-by-File-backlog--1784168_1784168977036.txt,15043,.txt,attached_assets,Documentation
attached_assets/Pasted--EngineeringOS-PR-Backlog-File-by-File-backlog--1784169_1784169315352.txt,15043,.txt,attached_assets,Documentation
attached_assets/Pasted--EngineeringOS-PR-by-PR-Execution-Pack-for-Replit-AI-PR_1784154335102.txt,14305,.txt,attached_assets,Documentation
attached_assets/Pasted--EngineeringOS-PR-by-PR-Execution-Pack-for-Replit-AI-PR_1784155079326.txt,14305,.txt,attached_assets,Documentation
attached_assets/Pasted--Forensic-Software-Engineering-Audit-1-Executive-Summar_1784515285022.txt,35697,.txt,attached_assets,Documentation
attached_assets/Pasted--Forensic-Software-Engineering-Audit-1-Executive-Summar_1784515636472.txt,35697,.txt,attached_assets,Documentation
attached_assets/Pasted--GROQ-API-KEY-JavaScript-Groq--1784088277237_1784088277243.txt,7657,.txt,attached_assets,Documentation
attached_assets/Pasted--Git-AI-Orchestrator-lib-ai-orchestrator-src-tools-git-_1784347517831.txt,6523,.txt,attached_assets,Documentation
attached_assets/Pasted--Knowledge-Graph-2-0--1784165514922_1784165514926.txt,7420,.txt,attached_assets,Documentation
attached_assets/Pasted--Knowledge-Graph-2-0-Checklist-File--1784165546932_1784165546935.txt,11773,.txt,attached_assets,Documentation
attached_assets/Pasted--PR--1784040954263_1784040954267.txt,11758,.txt,attached_assets,Documentation
attached_assets/Pasted--PR-01-Sync-OpenAPI-with-runtime-graph-surface-files-li_1784234215782.txt,5651,.txt,attached_assets,Documentation
attached_assets/Pasted--PR-03-Micro-Backlog-Contract-Layer-Stabilization-1-3--_1784158287520.txt,7655,.txt,attached_assets,Documentation
attached_assets/Pasted--PR-1-Hardening-Contract-Alignment-for-projects-ts-proj_1784052905584.txt,5241,.txt,attached_assets,Documentation
attached_assets/Pasted--PR-Backlog-EngineeringOS-1-Scoping-ownership-integrity_1784154359481.txt,9635,.txt,attached_assets,Documentation
attached_assets/Pasted--PR-Backlog-EngineeringOS-Execution-Alignment--17841474_1784147452495.txt,8780,.txt,attached_assets,Documentation
attached_assets/Pasted--PR-Title-fix-ai-chat-surface-AI-request-failures-and-r_1784130154946.txt,5312,.txt,attached_assets,Documentation
attached_assets/Pasted--PR-Title-fix-discovery-Classify-Project-Loading-Failur_1784086246178.txt,5333,.txt,attached_assets,Documentation
attached_assets/Pasted--PR-app-ts--1784047027177_1784047027183.txt,19647,.txt,attached_assets,Documentation
attached_assets/Pasted--PR-app-ts--1784047927706_1784047927710.txt,19647,.txt,attached_assets,Documentation
attached_assets/Pasted--PR-backlog-PR--1784509953092_1784509953095.txt,10777,.txt,attached_assets,Documentation
attached_assets/Pasted--PR-discovery-ts-PR-1-Discovery--1783996178319_1783996178325.txt,10274,.txt,attached_assets,Documentation
attached_assets/Pasted--PR-lib-ai-orchestrator-PR-1-Prompt-Templates--17839939_1783993953832.txt,4754,.txt,attached_assets,Documentation
attached_assets/Pasted--PR-lib-ai-orchestrator-PR-1-Prompt-Templates--17839939_1783993967887.txt,4754,.txt,attached_assets,Documentation
attached_assets/Pasted--PR-lib-ai-orchestrator-PR-1-Prompt-Templates--17839950_1783995013203.txt,4754,.txt,attached_assets,Documentation
attached_assets/Pasted--PR-title-Harden-auth-context-and-prepare-project-scope_1784044908893.txt,3811,.txt,attached_assets,Documentation
attached_assets/Pasted--PR-title-Hardening-discovery-ts-into-a-deterministic-o_1784053152915.txt,5750,.txt,attached_assets,Documentation
attached_assets/Pasted--Plan-3-Sync-fact-record-architecture-docs-3-Sync-Fact-_1783733496072.txt,17691,.txt,attached_assets,Documentation
attached_assets/Pasted--Plan-3-Sync-fact-record-architecture-docs-3-Sync-Fact-_1783790285219.txt,17691,.txt,attached_assets,Documentation
attached_assets/Pasted--Today-5-05-AM-EngineeringOS-main-66-zip-Zip-Archive-Fo_1784430667443.txt,32657,.txt,attached_assets,Documentation
attached_assets/Pasted--artifacts-api-server-src-routes-ai-ts-lib-ai-orchestra_1784388540189.txt,12843,.txt,attached_assets,Documentation
attached_assets/Pasted--artifacts-api-server-src-routes-discovery-ts--17839967_1783996711676.txt,10600,.txt,attached_assets,Documentation
attached_assets/Pasted--artifacts-api-server-src-routes-discovery-ts--17839967_1783997082105.txt,10600,.txt,attached_assets,Documentation
attached_assets/Pasted--lib-ai-orchestrator--1783993997216_1783993997218.txt,8527,.txt,attached_assets,Documentation
attached_assets/Pasted--lib-db-test-script--1784159470823_1784159470827.txt,11190,.txt,attached_assets,Documentation
attached_assets/Pasted--onboarding-o-1783988399961_1783988399964.txt,4676,.txt,attached_assets,Documentation
attached_assets/Pasted--src-context-builder-ts-src-schemas-context-schema-1784_1784305372706.txt,6056,.txt,attached_assets,Documentation
attached_assets/Pasted--test--1784245726594_1784245726598.txt,11566,.txt,attached_assets,Documentation
attached_assets/Pasted--test--1784245803493_1784245803497.txt,11560,.txt,attached_assets,Documentation
attached_assets/Pasted-7-Upgrade-Dashboard-to-Operational-UI-What-Why-Current-_1783734748019.txt,2796,.txt,attached_assets,Documentation
attached_assets/Pasted-7-Upgrade-Dashboard-to-Operational-UI-What-Why-Current-_1783798897613.txt,2795,.txt,attached_assets,Documentation
attached_assets/Pasted-PR-Title-security-ai-Harden-User-Scoped-Groq-Credential_1784127290653.txt,5304,.txt,attached_assets,Documentation
attached_assets/Pasted-Plan-6-Deepen-graph-scanner-discovery-6-Deepen-Graph-Sc_1783734658300.txt,2633,.txt,attached_assets,Documentation
attached_assets/Pasted-We-are-CONTINUING-an-interrupted-implementation-session_1784565760215.txt,2964,.txt,attached_assets,Documentation
attached_assets/Pasted-We-are-CONTINUING-an-interrupted-implementation-session_1784565840455.txt,2964,.txt,attached_assets,Documentation
attached_assets/Screenshot_#U0662#U0660#U0662#U0666#U0660#U0667#U0660#U0669-#U0660#U0666#U0661#U0666#U0662#U0665_1783567039006.png,98945,.png,attached_assets,Documentation
attached_assets/Screenshot_#U0662#U0660#U0662#U0666#U0660#U0667#U0660#U0669-#U0660#U0666#U0662#U0660#U0663#U0668_1783610776566.png,100944,.png,attached_assets,Documentation
attached_assets/Screenshot_#U0662#U0660#U0662#U0666#U0660#U0667#U0661#U0663-#U0660#U0663#U0665#U0663#U0661#U0668_1783904118069.png,86583,.png,attached_assets,Documentation
attached_assets/Screenshot_#U0662#U0660#U0662#U0666#U0660#U0667#U0661#U0663-#U0660#U0664#U0660#U0665#U0661#U0661_1783904724118.png,135875,.png,attached_assets,Documentation
attached_assets/Screenshot_#U0662#U0660#U0662#U0666#U0660#U0667#U0661#U0663-#U0660#U0664#U0664#U0664#U0662#U0668_1783907108840.png,77223,.png,attached_assets,Documentation
attached_assets/Screenshot_#U0662#U0660#U0662#U0666#U0660#U0667#U0661#U0663-#U0660#U0665#U0660#U0661#U0663#U0668_1783908128704.png,63973,.png,attached_assets,Documentation
attached_assets/Screenshot_#U0662#U0660#U0662#U0666#U0660#U0667#U0661#U0663-#U0660#U0665#U0661#U0664#U0665#U0664_1783908924873.png,77952,.png,attached_assets,Documentation
attached_assets/Screenshot_#U0662#U0660#U0662#U0666#U0660#U0667#U0661#U0663-#U0660#U0665#U0661#U0669#U0664#U0668_1783909201747.png,72233,.png,attached_assets,Documentation
attached_assets/Screenshot_#U0662#U0660#U0662#U0666#U0660#U0667#U0661#U0666-#U0660#U0667#U0663#U0667#U0664#U0664_1784176683628.png,162953,.png,attached_assets,Documentation
attached_assets/Screenshot_#U0662#U0660#U0662#U0666#U0660#U0667#U0661#U0666-#U0661#U0668#U0663#U0660#U0664#U0661_1784216000977.png,98245,.png,attached_assets,Documentation
attached_assets/Screenshot_#U0662#U0660#U0662#U0666#U0660#U0667#U0661#U0666-#U0661#U0668#U0663#U0660#U0664#U0666_1784216000942.png,108546,.png,attached_assets,Documentation
attached_assets/Screenshot_#U0662#U0660#U0662#U0666#U0660#U0667#U0661#U0668-#U0660#U0661#U0660#U0668#U0661#U0660_1784326132441.png,113984,.png,attached_assets,Documentation
attached_assets/Screenshot_#U0662#U0660#U0662#U0666#U0660#U0667#U0661#U0668-#U0660#U0666#U0661#U0662#U0660#U0662_1784344398002.png,111052,.png,attached_assets,Documentation
attached_assets/Screenshot_#U0662#U0660#U0662#U0666#U0660#U0667#U0661#U0668-#U0660#U0666#U0661#U0662#U0664#U0662_1784344397966.png,105598,.png,attached_assets,Documentation
attached_assets/Screenshot_#U0662#U0660#U0662#U0666#U0660#U0667#U0661#U0668-#U0660#U0666#U0661#U0662#U0664#U0666_1784344397931.png,111762,.png,attached_assets,Documentation
attached_assets/Screenshot_#U0662#U0660#U0662#U0666#U0660#U0667#U0661#U0668-#U0660#U0666#U0661#U0669#U0661#U0660_1784344762476.png,109406,.png,attached_assets,Documentation
attached_assets/Screenshot_#U0662#U0660#U0662#U0666#U0660#U0667#U0661#U0669-#U0660#U0664#U0663#U0665#U0661#U0667_1784424954601.png,137147,.png,attached_assets,Documentation
attached_assets/Screenshot_#U0662#U0660#U0662#U0666#U0660#U0667#U0661#U0669-#U0660#U0664#U0663#U0665#U0662#U0661_1784424954559.png,194701,.png,attached_assets,Documentation
attached_assets/Screenshot_#U0662#U0660#U0662#U0666#U0660#U0667#U0662#U0660-#U0660#U0662#U0660#U0662#U0665#U0661_1784502211806.png,33970,.png,attached_assets,Documentation
attached_assets/Screenshot_#U0662#U0660#U0662#U0666#U0660#U0667#U0662#U0660-#U0660#U0662#U0660#U0663#U0660#U0664_1784502211776.png,118122,.png,attached_assets,Documentation
attached_assets/Screenshot_#U0662#U0660#U0662#U0666#U0660#U0667#U0662#U0660-#U0660#U0662#U0662#U0664#U0664#U0668_1784504071817.png,181400,.png,attached_assets,Documentation
attached_assets/Screenshot_#U0662#U0660#U0662#U0666#U0660#U0667#U0662#U0660-#U0660#U0662#U0662#U0664#U0665#U0661_1784504071787.png,214574,.png,attached_assets,Documentation
attached_assets/Screenshot_#U0662#U0660#U0662#U0666#U0660#U0667#U0662#U0660-#U0660#U0662#U0662#U0664#U0665#U0665_1784504071737.png,187658,.png,attached_assets,Documentation
attached_assets/Screenshot_#U0662#U0660#U0662#U0666#U0660#U0667#U0662#U0660-#U0660#U0663#U0662#U0663#U0664#U0664_1784507048475.png,70961,.png,attached_assets,Documentation
attached_assets/Screenshot_#U0662#U0660#U0662#U0666#U0660#U0667#U0662#U0660-#U0660#U0664#U0664#U0665#U0663#U0665_1784512160900.png,73741,.png,attached_assets,Documentation
attached_assets/Screenshot_#U0662#U0660#U0662#U0666#U0660#U0667#U0662#U0660-#U0660#U0666#U0661#U0660#U0664#U0666_1784517131306.png,87608,.png,attached_assets,Documentation
attached_assets/Screenshot_#U0662#U0660#U0662#U0666#U0660#U0667#U0662#U0660-#U0660#U0666#U0661#U0660#U0665#U0662_1784517131269.png,100312,.png,attached_assets,Documentation
attached_assets/agents_(1)_1783564013722.zip,256,.zip,attached_assets,Documentation
attached_assets/ai_orchestrator_deep_dive_(1)_1783994021466.md,10648,.md,attached_assets,Documentation
attached_assets/artifacts_(7)_(1)_1783564013761.zip,1668739,.zip,attached_assets,Documentation
attached_assets/engineeringos_forensic_analysis_1784431635464.md,108670,.md,attached_assets,Documentation
attached_assets/engineeringos_forensic_analysis_complete_1784431954519.md,189018,.md,attached_assets,Documentation
attached_assets/engineeringos_forensic_analysis_complete_1784476328406.md,189018,.md,attached_assets,Documentation
attached_assets/engineeringos_forensic_audit_report_1784498370433.md,10652,.md,attached_assets,Documentation
attached_assets/engineeringos_forensic_audit_report_1784499793978.md,10652,.md,attached_assets,Documentation
attached_assets/engineeringos_forensic_audit_report_1784500814802.md,10652,.md,attached_assets,Documentation
attached_assets/engineeringos_master_inventory_1784498370483.csv,77341,.csv,attached_assets,Documentation
attached_assets/engineeringos_master_inventory_1784499794029.csv,77341,.csv,attached_assets,Documentation
attached_assets/engineeringos_master_inventory_1784500814907.csv,77341,.csv,attached_assets,Documentation
attached_assets/git_(2)_1783564013691.zip,134,.zip,attached_assets,Documentation
attached_assets/gitattributes_1783564013915.txt,92,.txt,attached_assets,Documentation
attached_assets/gitignore_(1)_1783564013965.txt,668,.txt,attached_assets,Documentation
attached_assets/lib_(7)_(1)_1783564013810.zip,219450,.zip,attached_assets,Documentation
attached_assets/node_modules_(2)_1783564014266.zip,22,.zip,attached_assets,Documentation
attached_assets/npmrc_(2)_1783564014024.txt,56,.txt,attached_assets,Documentation
attached_assets/package_(1)_(7)_1783564014328.json,649,.json,attached_assets,Documentation
attached_assets/pnpm-lock.yaml_(3)_1783564014392.txt,210264,.txt,attached_assets,Documentation
attached_assets/pnpm-workspace.yaml_(3)_1783564014449.txt,6579,.txt,attached_assets,Documentation
attached_assets/pr-backlog-ai-orchestrator_1784306020062.md,15737,.md,attached_assets,Documentation
attached_assets/replit_(13)_1783564014085.md,1521,.md,attached_assets,Documentation
attached_assets/replit_(2)_1783564014509.txt,372,.txt,attached_assets,Documentation
attached_assets/replitignore_1783564014569.txt,201,.txt,attached_assets,Documentation
attached_assets/scripts_(8)_1783564013865.zip,11642,.zip,attached_assets,Documentation
attached_assets/tsconfig.base_(2)_(1)_1783564014142.json,692,.json,attached_assets,Documentation
attached_assets/tsconfig_(7)_1783564014202.json,279,.json,attached_assets,Documentation
docs/ENGINEERINGOS_MASTER_EXECUTION_CONSTITUTION.md,17268,.md,docs,Documentation
docs/EXECUTION_ALIGNMENT_REPORT.md,7369,.md,docs,Documentation
docs/PLACEHOLDER_REGISTER.md,8356,.md,docs,Documentation
docs/PR_BACKLOG.md,18718,.md,docs,Documentation
docs/RUNTIME_EXECUTION_MATRIX.md,3811,.md,docs,Documentation
docs/ai-orchestrator-executive-table.md,16654,.md,docs,Documentation
docs/ai-orchestrator-forensic-analysis.md,30657,.md,docs,Documentation
docs/ai-orchestrator-gap-analysis.md,14463,.md,docs,Documentation
docs/ai-orchestrator-trace-analysis.md,14464,.md,docs,Documentation
docs/architecture.md,17530,.md,docs,Documentation
docs/completion-plan.md,45244,.md,docs,Documentation
docs/fact-record.md,153610,.md,docs,Documentation
docs/pr-backlog-ai-orchestrator.md,15737,.md,docs,Documentation
docs/truth-flow-pr-checklist.md,4636,.md,docs,Documentation
docs/truth-flow-pr-review-plan.md,21128,.md,docs,Documentation
lib/ai-orchestrator/package.json,530,.json,lib,Configuration
lib/ai-orchestrator/src/__tests__/chat-agent.test.ts,6564,.ts,lib,Test Path
lib/ai-orchestrator/src/__tests__/file-tools.test.ts,3400,.ts,lib,Test Path
lib/ai-orchestrator/src/__tests__/groq-client.test.ts,8271,.ts,lib,Test Path
lib/ai-orchestrator/src/__tests__/parsing.test.ts,4864,.ts,lib,Test Path
lib/ai-orchestrator/src/__tests__/schemas.test.ts,10914,.ts,lib,Test Path
lib/ai-orchestrator/src/__tests__/workflow-orchestrator.test.ts,22740,.ts,lib,Test Path
lib/ai-orchestrator/src/agents/chat-agent.ts,23096,.ts,lib,Runtime Path
lib/ai-orchestrator/src/agents/code-reviewer.ts,2804,.ts,lib,Runtime Path
lib/ai-orchestrator/src/agents/scan-analyst.ts,2844,.ts,lib,Runtime Path
lib/ai-orchestrator/src/agents/task-agent.ts,3374,.ts,lib,Runtime Path
lib/ai-orchestrator/src/agents/workflow-orchestrator.ts,10906,.ts,lib,Runtime Path
lib/ai-orchestrator/src/context-builder.test.ts,13224,.ts,lib,Test Path
lib/ai-orchestrator/src/context-builder.ts,19663,.ts,lib,Runtime Path
lib/ai-orchestrator/src/deepseek-client.ts,5683,.ts,lib,Runtime Path
lib/ai-orchestrator/src/errors.ts,2081,.ts,lib,Runtime Path
lib/ai-orchestrator/src/groq-client.ts,18093,.ts,lib,Runtime Path
lib/ai-orchestrator/src/index.ts,1435,.ts,lib,Runtime Path
lib/ai-orchestrator/src/parsing.ts,4200,.ts,lib,Runtime Path
lib/ai-orchestrator/src/prompts/chat.prompt.ts,6704,.ts,lib,Runtime Path
lib/ai-orchestrator/src/prompts/index.ts,424,.ts,lib,Runtime Path
lib/ai-orchestrator/src/prompts/review.prompt.ts,3940,.ts,lib,Runtime Path
lib/ai-orchestrator/src/prompts/scan.prompt.ts,3530,.ts,lib,Runtime Path
lib/ai-orchestrator/src/prompts/task.prompt.ts,3220,.ts,lib,Runtime Path
lib/ai-orchestrator/src/prompts/workflow.prompt.ts,4077,.ts,lib,Runtime Path
lib/ai-orchestrator/src/schemas/chat.schema.ts,2461,.ts,lib,Runtime Path
lib/ai-orchestrator/src/schemas/code-review.schema.ts,1118,.ts,lib,Runtime Path
lib/ai-orchestrator/src/schemas/context.schema.ts,932,.ts,lib,Runtime Path
lib/ai-orchestrator/src/schemas/index.ts,961,.ts,lib,Runtime Path
lib/ai-orchestrator/src/schemas/scan.schema.ts,800,.ts,lib,Runtime Path
lib/ai-orchestrator/src/schemas/task.schema.ts,398,.ts,lib,Runtime Path
lib/ai-orchestrator/src/schemas/workflow.schema.ts,4236,.ts,lib,Runtime Path
lib/ai-orchestrator/src/tools/file-tools.ts,18675,.ts,lib,Runtime Path
lib/ai-orchestrator/src/tools/git-tools.ts,4976,.ts,lib,Runtime Path
lib/ai-orchestrator/tsconfig.json,298,.json,lib,Configuration
lib/ai-orchestrator/vitest.config.ts,304,.ts,lib,Runtime Path
lib/api-client-react/package.json,265,.json,lib,Configuration
lib/api-client-react/src/custom-fetch.ts,11892,.ts,lib,Generated
lib/api-client-react/src/generated/api.schemas.ts,31464,.ts,lib,Generated
lib/api-client-react/src/generated/api.ts,190768,.ts,lib,Generated
lib/api-client-react/src/index.ts,756,.ts,lib,Generated
lib/api-client-react/src/project-error.ts,5928,.ts,lib,Generated
lib/api-client-react/src/use-ai-chat-stream.ts,5791,.ts,lib,Generated
lib/api-client-react/tsconfig.json,251,.json,lib,Configuration
lib/api-spec/openapi.yaml,103040,.yaml,lib,Source of Truth
lib/api-spec/orval.config.ts,1959,.ts,lib,Source of Truth
lib/api-spec/package.json,307,.json,lib,Configuration
lib/api-zod/package.json,189,.json,lib,Configuration
lib/api-zod/src/generated/api.ts,109444,.ts,lib,Generated
lib/api-zod/src/generated/types/activeProviderStatus.ts,542,.ts,lib,Generated
lib/api-zod/src/generated/types/activeProviderStatusProvider.ts,500,.ts,lib,Generated
lib/api-zod/src/generated/types/aiApplyChangesRequest.ts,368,.ts,lib,Generated
lib/api-zod/src/generated/types/aiApplyChangesRequestChangesItem.ts,279,.ts,lib,Generated
lib/api-zod/src/generated/types/aiApplyChangesResult.ts,343,.ts,lib,Generated
lib/api-zod/src/generated/types/aiApplyChangesResultResultsItem.ts,265,.ts,lib,Generated
lib/api-zod/src/generated/types/aiChatMessage.ts,389,.ts,lib,Generated
lib/api-zod/src/generated/types/aiChatMessageRole.ts,366,.ts,lib,Generated
lib/api-zod/src/generated/types/aiChatOutput.ts,498,.ts,lib,Generated
lib/api-zod/src/generated/types/aiChatRequest.ts,262,.ts,lib,Generated
lib/api-zod/src/generated/types/aiChatSession.ts,290,.ts,lib,Generated
lib/api-zod/src/generated/types/aiCodeIssue.ts,466,.ts,lib,Generated
lib/api-zod/src/generated/types/aiCodeIssueSeverity.ts,386,.ts,lib,Generated
lib/api-zod/src/generated/types/aiCodeIssueType.ts,414,.ts,lib,Generated
lib/api-zod/src/generated/types/aiCodeReview.ts,506,.ts,lib,Generated
lib/api-zod/src/generated/types/aiCodeReviewVerdict.ts,402,.ts,lib,Generated
lib/api-zod/src/generated/types/aiOrchestrateRequest.ts,237,.ts,lib,Generated
lib/api-zod/src/generated/types/aiOrchestrationDecision.ts,436,.ts,lib,Generated
lib/api-zod/src/generated/types/aiOrchestrationDecisionAction.ts,430,.ts,lib,Generated
lib/api-zod/src/generated/types/aiPendingChange.ts,621,.ts,lib,Generated
lib/api-zod/src/generated/types/aiReviewRequest.ts,330,.ts,lib,Generated
lib/api-zod/src/generated/types/aiReviewRequestFileContents.ts,232,.ts,lib,Generated
lib/api-zod/src/generated/types/aiScanAnalysis.ts,382,.ts,lib,Generated
lib/api-zod/src/generated/types/aiScanInsight.ts,476,.ts,lib,Generated
lib/api-zod/src/generated/types/aiScanInsightCategory.ts,474,.ts,lib,Generated
lib/api-zod/src/generated/types/aiScanInsightSeverity.ts,394,.ts,lib,Generated
lib/api-zod/src/generated/types/createProjectInput.ts,307,.ts,lib,Generated
lib/api-zod/src/generated/types/createRuleInput.ts,432,.ts,lib,Generated
lib/api-zod/src/generated/types/createTaskInput.ts,453,.ts,lib,Generated
lib/api-zod/src/generated/types/createWorkflowInput.ts,348,.ts,lib,Generated
lib/api-zod/src/generated/types/dashboardOverview.ts,820,.ts,lib,Generated
lib/api-zod/src/generated/types/dashboardOverviewProjectScoresItem.ts,436,.ts,lib,Generated
lib/api-zod/src/generated/types/dashboardOverviewProjectScoresItemTrend.ts,464,.ts,lib,Generated
lib/api-zod/src/generated/types/dashboardOverviewTaskStatusBreakdown.ts,241,.ts,lib,Generated
lib/api-zod/src/generated/types/dashboardOverviewTopRulesItem.ts,285,.ts,lib,Generated
lib/api-zod/src/generated/types/deepSeekKeyStatus.ts,404,.ts,lib,Generated
lib/api-zod/src/generated/types/deleteDeepSeekKey200.ts,228,.ts,lib,Generated
lib/api-zod/src/generated/types/deleteGroqKey200.ts,224,.ts,lib,Generated
lib/api-zod/src/generated/types/discoveryGraphSummaryData.ts,598,.ts,lib,Generated
lib/api-zod/src/generated/types/discoveryGraphSummaryDataEntitiesByType.ts,244,.ts,lib,Generated
lib/api-zod/src/generated/types/discoveryGraphSummaryDataFilesByLanguage.ts,245,.ts,lib,Generated
lib/api-zod/src/generated/types/discoveryOptions.ts,347,.ts,lib,Generated
lib/api-zod/src/generated/types/discoveryReport.ts,1286,.ts,lib,Generated
lib/api-zod/src/generated/types/discoveryRuleViolationItem.ts,283,.ts,lib,Generated
lib/api-zod/src/generated/types/discoverySessionStatus.ts,676,.ts,lib,Generated
lib/api-zod/src/generated/types/discoverySessionStatusStatus.ts,460,.ts,lib,Generated
lib/api-zod/src/generated/types/discoverySourceCapability.ts,412,.ts,lib,Generated
lib/api-zod/src/generated/types/discoverySourceConfig.ts,909,.ts,lib,Generated
lib/api-zod/src/generated/types/discoverySourceConfigCredentials.ts,323,.ts,lib,Generated
lib/api-zod/src/generated/types/discoveryStepItem.ts,378,.ts,lib,Generated
lib/api-zod/src/generated/types/discoveryStepItemStatus.ts,406,.ts,lib,Generated
lib/api-zod/src/generated/types/entityType.ts,418,.ts,lib,Generated
lib/api-zod/src/generated/types/evaluateRuleRequest.ts,227,.ts,lib,Generated
lib/api-zod/src/generated/types/event.ts,714,.ts,lib,Generated
lib/api-zod/src/generated/types/eventPayload.ts,220,.ts,lib,Generated
lib/api-zod/src/generated/types/eventSeverity.ts,366,.ts,lib,Generated
lib/api-zod/src/generated/types/failWorkflowPhaseInput.ts,227,.ts,lib,Generated
lib/api-zod/src/generated/types/getGraphEntityImpact404.ts,225,.ts,lib,Generated
lib/api-zod/src/generated/types/getGraphEntityImpactParams.ts,284,.ts,lib,Generated
lib/api-zod/src/generated/types/getGraphEntityNeighbors200.ts,440,.ts,lib,Generated
lib/api-zod/src/generated/types/getGraphEntityNeighbors404.ts,228,.ts,lib,Generated
lib/api-zod/src/generated/types/getGraphEvidence403.ts,221,.ts,lib,Generated
lib/api-zod/src/generated/types/getGraphEvidence404.ts,221,.ts,lib,Generated
lib/api-zod/src/generated/types/getGraphPathParams.ts,288,.ts,lib,Generated
lib/api-zod/src/generated/types/getGraphRuntimeSubgraph403.ts,228,.ts,lib,Generated
lib/api-zod/src/generated/types/getGraphRuntimeSubgraph404.ts,228,.ts,lib,Generated
lib/api-zod/src/generated/types/getGraphSemanticNeighborhood400.ts,233,.ts,lib,Generated
lib/api-zod/src/generated/types/getGraphSemanticNeighborhood403.ts,233,.ts,lib,Generated
lib/api-zod/src/generated/types/getGraphSemanticNeighborhood404.ts,233,.ts,lib,Generated
lib/api-zod/src/generated/types/getGraphSemanticNeighborhoodParams.ts,414,.ts,lib,Generated
lib/api-zod/src/generated/types/getGraphSubgraph400.ts,221,.ts,lib,Generated
lib/api-zod/src/generated/types/getGraphSubgraph403.ts,221,.ts,lib,Generated
lib/api-zod/src/generated/types/getGraphSubgraph404.ts,221,.ts,lib,Generated
lib/api-zod/src/generated/types/getGraphSubgraphParams.ts,365,.ts,lib,Generated
lib/api-zod/src/generated/types/getLatestMetricsParams.ts,227,.ts,lib,Generated
lib/api-zod/src/generated/types/gitCommitEntry.ts,466,.ts,lib,Generated
lib/api-zod/src/generated/types/gitCommitInput.ts,337,.ts,lib,Generated
lib/api-zod/src/generated/types/gitConfig.ts,371,.ts,lib,Generated
lib/api-zod/src/generated/types/gitHubTokenStatus.ts,358,.ts,lib,Generated
lib/api-zod/src/generated/types/gitLog.ts,278,.ts,lib,Generated
lib/api-zod/src/generated/types/gitOperationResult.ts,319,.ts,lib,Generated
lib/api-zod/src/generated/types/gitPushResult.ts,369,.ts,lib,Generated
lib/api-zod/src/generated/types/gitStatus.ts,346,.ts,lib,Generated
lib/api-zod/src/generated/types/gitStatusFile.ts,355,.ts,lib,Generated
lib/api-zod/src/generated/types/graphCentralityScore.ts,335,.ts,lib,Generated
lib/api-zod/src/generated/types/graphEdgeType.ts,551,.ts,lib,Generated
lib/api-zod/src/generated/types/graphEntity.ts,1474,.ts,lib,Generated
lib/api-zod/src/generated/types/graphEntityMetadata.ts,227,.ts,lib,Generated
lib/api-zod/src/generated/types/graphEvidence.ts,499,.ts,lib,Generated
lib/api-zod/src/generated/types/graphEvidenceBundle.ts,386,.ts,lib,Generated
lib/api-zod/src/generated/types/graphEvidenceKind.ts,510,.ts,lib,Generated
lib/api-zod/src/generated/types/graphEvidenceResponse.ts,382,.ts,lib,Generated
lib/api-zod/src/generated/types/graphImpactHop.ts,435,.ts,lib,Generated
lib/api-zod/src/generated/types/graphImpactResult.ts,388,.ts,lib,Generated
lib/api-zod/src/generated/types/graphLayerCounts.ts,255,.ts,lib,Generated
lib/api-zod/src/generated/types/graphPathResult.ts,319,.ts,lib,Generated
lib/api-zod/src/generated/types/graphPathStep.ts,371,.ts,lib,Generated
lib/api-zod/src/generated/types/graphProvenance.ts,437,.ts,lib,Generated
lib/api-zod/src/generated/types/graphRelationship.ts,1903,.ts,lib,Generated
lib/api-zod/src/generated/types/graphRelationshipMetadata.ts,233,.ts,lib,Generated
lib/api-zod/src/generated/types/graphRuntimeSubgraph.ts,384,.ts,lib,Generated
lib/api-zod/src/generated/types/graphSemanticNeighborhood.ts,410,.ts,lib,Generated
lib/api-zod/src/generated/types/graphSubgraph.ts,579,.ts,lib,Generated
lib/api-zod/src/generated/types/graphSubgraphFilters.ts,413,.ts,lib,Generated
lib/api-zod/src/generated/types/graphSubgraphLayered.ts,357,.ts,lib,Generated
lib/api-zod/src/generated/types/graphSummary.ts,706,.ts,lib,Generated
lib/api-zod/src/generated/types/graphSummaryEntitiesByType.ts,231,.ts,lib,Generated
lib/api-zod/src/generated/types/graphSummaryRelationsByType.ts,232,.ts,lib,Generated
lib/api-zod/src/generated/types/groqKeyStatus.ts,400,.ts,lib,Generated
lib/api-zod/src/generated/types/healthStatus.ts,375,.ts,lib,Generated
lib/api-zod/src/generated/types/healthStatusStatus.ts,320,.ts,lib,Generated
lib/api-zod/src/generated/types/importProjectInput.ts,353,.ts,lib,Generated
lib/api-zod/src/generated/types/importProjectInputOverrides.ts,296,.ts,lib,Generated
lib/api-zod/src/generated/types/index.ts,6352,.ts,lib,Generated
lib/api-zod/src/generated/types/jobQueueStats.ts,698,.ts,lib,Generated
lib/api-zod/src/generated/types/listAiChatSessionsParams.ts,228,.ts,lib,Generated
lib/api-zod/src/generated/types/listEventsParams.ts,342,.ts,lib,Generated
lib/api-zod/src/generated/types/listGraphEntitiesParams.ts,295,.ts,lib,Generated
lib/api-zod/src/generated/types/listGraphRelationshipsParams.ts,252,.ts,lib,Generated
lib/api-zod/src/generated/types/listMetricsParams.ts,245,.ts,lib,Generated
lib/api-zod/src/generated/types/listRulesParams.ts,297,.ts,lib,Generated
lib/api-zod/src/generated/types/listTasksParams.ts,366,.ts,lib,Generated
lib/api-zod/src/generated/types/listWorkflowsParams.ts,224,.ts,lib,Generated
lib/api-zod/src/generated/types/metricRecord.ts,660,.ts,lib,Generated
lib/api-zod/src/generated/types/metricRecordBuildStatus.ts,394,.ts,lib,Generated
lib/api-zod/src/generated/types/plugin.ts,433,.ts,lib,Generated
lib/api-zod/src/generated/types/pluginCapabilitiesItem.ts,436,.ts,lib,Generated
lib/api-zod/src/generated/types/pluginProjectRequest.ts,228,.ts,lib,Generated
lib/api-zod/src/generated/types/project.ts,584,.ts,lib,Generated
lib/api-zod/src/generated/types/projectStatus.ts,376,.ts,lib,Generated
lib/api-zod/src/generated/types/projectSummary.ts,508,.ts,lib,Generated
lib/api-zod/src/generated/types/projectSummaryTaskCounts.ts,303,.ts,lib,Generated
lib/api-zod/src/generated/types/rule.ts,514,.ts,lib,Generated
lib/api-zod/src/generated/types/ruleEvaluationResult.ts,424,.ts,lib,Generated
lib/api-zod/src/generated/types/ruleEvaluationResultMatchesItem.ts,267,.ts,lib,Generated
lib/api-zod/src/generated/types/ruleSeverity.ts,374,.ts,lib,Generated
lib/api-zod/src/generated/types/saveDeepSeekKeyInput.ts,329,.ts,lib,Generated
lib/api-zod/src/generated/types/saveGitHubTokenInput.ts,327,.ts,lib,Generated
lib/api-zod/src/generated/types/saveGroqKeyInput.ts,321,.ts,lib,Generated
lib/api-zod/src/generated/types/scanJob.ts,739,.ts,lib,Generated
lib/api-zod/src/generated/types/scanJobStatus.ts,376,.ts,lib,Generated
lib/api-zod/src/generated/types/scanResult.ts,329,.ts,lib,Generated
lib/api-zod/src/generated/types/sourceType.ts,498,.ts,lib,Generated
lib/api-zod/src/generated/types/startDiscoveryInput.ts,479,.ts,lib,Generated
lib/api-zod/src/generated/types/task.ts,784,.ts,lib,Generated
lib/api-zod/src/generated/types/taskLog.ts,427,.ts,lib,Generated
lib/api-zod/src/generated/types/taskLogLevel.ts,352,.ts,lib,Generated
lib/api-zod/src/generated/types/taskLogMetadata.ts,223,.ts,lib,Generated
lib/api-zod/src/generated/types/taskPriority.ts,332,.ts,lib,Generated
lib/api-zod/src/generated/types/taskStatus.ts,438,.ts,lib,Generated
lib/api-zod/src/generated/types/updateGitConfigInput.ts,370,.ts,lib,Generated
lib/api-zod/src/generated/types/updateProjectInput.ts,359,.ts,lib,Generated
lib/api-zod/src/generated/types/updateProjectInputStatus.ts,420,.ts,lib,Generated
lib/api-zod/src/generated/types/updateRuleInput.ts,391,.ts,lib,Generated
lib/api-zod/src/generated/types/updateTaskInput.ts,394,.ts,lib,Generated
lib/api-zod/src/generated/types/verificationResult.ts,346,.ts,lib,Generated
lib/api-zod/src/generated/types/verificationResultStepsItem.ts,266,.ts,lib,Generated
lib/api-zod/src/generated/types/workflow.ts,548,.ts,lib,Generated
lib/api-zod/src/generated/types/workflowExecution.ts,443,.ts,lib,Generated
lib/api-zod/src/generated/types/workflowPhase.ts,257,.ts,lib,Generated
lib/api-zod/src/generated/types/workflowStatus.ts,398,.ts,lib,Generated
lib/api-zod/src/index.ts,112,.ts,lib,Generated
lib/api-zod/src/truth-flow-matrix.schema.ts,14969,.ts,lib,Generated
lib/api-zod/tsconfig.json,221,.json,lib,Configuration
lib/db/drizzle.config.ts,352,.ts,lib,Source of Truth
lib/db/package.json,578,.json,lib,Configuration
lib/db/src/index.ts,434,.ts,lib,Source of Truth
lib/db/src/schema/ai_chats.ts,1362,.ts,lib,Source of Truth
lib/db/src/schema/ai_provider_credentials.ts,1284,.ts,lib,Source of Truth
lib/db/src/schema/audit_logs.ts,2420,.ts,lib,Source of Truth
lib/db/src/schema/discovery.ts,4647,.ts,lib,Source of Truth
lib/db/src/schema/events.ts,1610,.ts,lib,Source of Truth
lib/db/src/schema/graph.ts,9134,.ts,lib,Source of Truth
lib/db/src/schema/index.ts,476,.ts,lib,Source of Truth
lib/db/src/schema/metrics.ts,1588,.ts,lib,Source of Truth
lib/db/src/schema/plugins.ts,785,.ts,lib,Source of Truth
lib/db/src/schema/projects.ts,1604,.ts,lib,Source of Truth
lib/db/src/schema/rate_limits.ts,1686,.ts,lib,Source of Truth
lib/db/src/schema/rules.ts,1273,.ts,lib,Source of Truth
lib/db/src/schema/scan_jobs.ts,2176,.ts,lib,Source of Truth
lib/db/src/schema/task_logs.ts,862,.ts,lib,Source of Truth
lib/db/src/schema/tasks.ts,2245,.ts,lib,Source of Truth
lib/db/src/schema/workflows.ts,1762,.ts,lib,Source of Truth
lib/db/tsconfig.json,244,.json,lib,Configuration
lib/knowledge-engine/package.json,436,.json,lib,Configuration
lib/knowledge-engine/src/__tests__/inference.test.ts,5906,.ts,lib,Test Path
lib/knowledge-engine/src/__tests__/queries.test.ts,14435,.ts,lib,Test Path
lib/knowledge-engine/src/index.ts,1406,.ts,lib,Runtime Path
lib/knowledge-engine/src/inference.ts,11444,.ts,lib,Runtime Path
lib/knowledge-engine/src/queries.ts,23879,.ts,lib,Runtime Path
lib/knowledge-engine/src/types.ts,8752,.ts,lib,Runtime Path
lib/knowledge-engine/tsconfig.json,298,.json,lib,Configuration
lib/scanner/package.json,434,.json,lib,Configuration
lib/scanner/src/__tests__/file-walker.test.ts,4868,.ts,lib,Test Path
lib/scanner/src/__tests__/graph-extractor.test.ts,22056,.ts,lib,Test Path
lib/scanner/src/__tests__/metrics-calc.test.ts,4692,.ts,lib,Test Path
lib/scanner/src/__tests__/rule-matcher.test.ts,3493,.ts,lib,Test Path
lib/scanner/src/file-walker.ts,6994,.ts,lib,Runtime Path
lib/scanner/src/graph-extractor.ts,43283,.ts,lib,Runtime Path
lib/scanner/src/index.ts,667,.ts,lib,Runtime Path
lib/scanner/src/metrics-calc.ts,7231,.ts,lib,Runtime Path
lib/scanner/src/python-ast-script.py,4993,.py,lib,Runtime Path
lib/scanner/src/python-ast-script.ts,5935,.ts,lib,Runtime Path
lib/scanner/src/python-extractor.ts,3567,.ts,lib,Runtime Path
lib/scanner/src/rule-matcher.ts,3971,.ts,lib,Runtime Path
lib/scanner/tsconfig.json,244,.json,lib,Configuration
lib/scanner/vitest.config.ts,304,.ts,lib,Runtime Path
package.json,1005,.json,package.json,Configuration
pnpm-lock.yaml,266814,.yaml,pnpm-lock.yaml,Configuration
pnpm-workspace.yaml,6579,.yaml,pnpm-workspace.yaml,Configuration
replit.md,3721,.md,replit.md,Documentation
scripts/check-codegen-drift.ts,2934,.ts,scripts,Tooling/Script
scripts/package.json,464,.json,scripts,Tooling/Script
scripts/post-merge.sh,712,.sh,scripts,Tooling/Script
scripts/src/hello.ts,46,.ts,scripts,Tooling/Script
scripts/trigger-scan.mts,6016,.mts,scripts,Tooling/Script
scripts/tsconfig.json,143,.json,scripts,Tooling/Script
scripts/validate-truth-flow.ts,4820,.ts,scripts,Tooling/Script
scripts/verify-setup.sh,2691,.sh,scripts,Tooling/Script
tsconfig.base.json,691,.json,tsconfig.base.json,Configuration
tsconfig.base.json.bak,692,.bak,tsconfig.base.json.bak,Other
tsconfig.json,382,.json,tsconfig.json,Configuration
