ID,Path,TopLevel,SizeBytes,Categories
F-001,.agents/agent_assets_metadata.toml,.agents,414,Configuration
F-002,.agents/memory/MEMORY.md,.agents,6740,Documentation
F-003,.agents/memory/ai-orchestrator-gap-closure.md,.agents,3099,Documentation
F-004,.agents/memory/ai-orchestrator-hardening.md,.agents,2098,Documentation
F-005,.agents/memory/ai-orchestrator-layer.md,.agents,2177,Documentation
F-006,.agents/memory/ai-tool-calling.md,.agents,1811,Documentation
F-007,.agents/memory/audit-fixes.md,.agents,1459,Documentation
F-008,.agents/memory/clerk-401-race-cookie-vs-bearer.md,.agents,2009,Documentation
F-009,.agents/memory/clerk-auth-testing.md,.agents,2255,Documentation
F-010,.agents/memory/completion-plan-stale-backlog.md,.agents,1331,Documentation; Legacy/Dead
F-011,.agents/memory/context-cache-invalidation-rule.md,.agents,2011,Documentation
F-012,.agents/memory/dashboard-scoping-pr01.md,.agents,1554,Documentation
F-013,.agents/memory/discovery-adapter-registry.md,.agents,1172,Documentation
F-014,.agents/memory/discovery-feature.md,.agents,2496,Documentation
F-015,.agents/memory/discovery-multi-source.md,.agents,2357,Documentation
F-016,.agents/memory/drizzle-error-wrapping.md,.agents,1244,Documentation
F-017,.agents/memory/engineeringos-completion-plan.md,.agents,1240,Documentation
F-018,.agents/memory/fk-atomic-claim-ordering.md,.agents,2145,Documentation
F-019,.agents/memory/gap-analysis-fixes-batch1.md,.agents,3460,Documentation
F-020,.agents/memory/gap-analysis-fixes-batch2.md,.agents,2495,Documentation
F-021,.agents/memory/git-ai-orchestrator-fixes.md,.agents,2113,Documentation
F-022,.agents/memory/imported-project-clerk-secrets.md,.agents,1303,Documentation
F-023,.agents/memory/imported-project-workflow-failures.md,.agents,1870,Documentation
F-024,.agents/memory/knowledge-engine-bfs-depth.md,.agents,1592,Documentation
F-025,.agents/memory/knowledge-engine.md,.agents,2299,Documentation
F-026,.agents/memory/orval-openapi-codegen.md,.agents,1815,Documentation
F-027,.agents/memory/pr-c-ai-autotrigger.md,.agents,1486,Documentation
F-028,.agents/memory/pr-d-workflow-conditions.md,.agents,1923,Documentation
F-029,.agents/memory/pr-h-i-completion.md,.agents,2498,Documentation
F-030,.agents/memory/pr01-job-durability.md,.agents,1974,Documentation
F-031,.agents/memory/pr02-provenance-layer.md,.agents,2806,Documentation
F-032,.agents/memory/pr04-discovery-hardening.md,.agents,2530,Documentation
F-033,.agents/memory/project-bootstrap.md,.agents,895,Documentation
F-034,.agents/memory/project-ownership-scoping.md,.agents,2313,Documentation
F-035,.agents/memory/scanner-ast-extraction.md,.agents,4047,Documentation
F-036,.agents/memory/testing-drift-checks.md,.agents,1129,Test Path; Documentation
F-037,.agents/memory/trace-analysis.md,.agents,2813,Documentation
F-038,.gitattributes,.gitattributes,170,Configuration
F-039,.gitignore,.gitignore,668,Configuration
F-040,.npmrc,.npmrc,78,Configuration
F-041,.replit,.replit,522,Configuration
F-042,.replitignore,.replitignore,201,Other
F-043,artifacts/api-server/.replit-artifact/artifact.toml,artifacts,784,Configuration
F-044,artifacts/api-server/build.mjs,artifacts,3455,Tooling/Script; Source of Truth; Runtime Path
F-045,artifacts/api-server/package.json,artifacts,1342,Configuration
F-046,artifacts/api-server/src/app.ts,artifacts,5526,Source of Truth; Runtime Path
F-047,artifacts/api-server/src/config.ts,artifacts,2281,Source of Truth; Runtime Path
F-048,artifacts/api-server/src/index.ts,artifacts,1383,Source of Truth; Runtime Path
F-049,artifacts/api-server/src/lib/.gitkeep,artifacts,0,Other
F-050,artifacts/api-server/src/lib/audit.ts,artifacts,2702,Source of Truth; Runtime Path
F-051,artifacts/api-server/src/lib/credentials-crypto.ts,artifacts,1824,Source of Truth; Runtime Path
F-052,artifacts/api-server/src/lib/discovery-adapters.test.ts,artifacts,15585,Test Path; Source of Truth; Runtime Path
F-053,artifacts/api-server/src/lib/discovery-adapters.ts,artifacts,13352,Source of Truth; Runtime Path
F-054,artifacts/api-server/src/lib/discovery-runner.ts,artifacts,18732,Source of Truth; Runtime Path
F-055,artifacts/api-server/src/lib/graph-provenance.ts,artifacts,2483,Source of Truth; Runtime Path
F-056,artifacts/api-server/src/lib/job-queue.test.ts,artifacts,2954,Test Path; Source of Truth; Runtime Path
F-057,artifacts/api-server/src/lib/job-queue.ts,artifacts,4501,Source of Truth; Runtime Path
F-058,artifacts/api-server/src/lib/job-reconciliation.test.ts,artifacts,11006,Test Path; Source of Truth; Runtime Path
F-059,artifacts/api-server/src/lib/job-reconciliation.ts,artifacts,8633,Source of Truth; Runtime Path
F-060,artifacts/api-server/src/lib/logger.ts,artifacts,426,Source of Truth; Runtime Path
F-061,artifacts/api-server/src/lib/path-validation.test.ts,artifacts,11317,Test Path; Source of Truth; Runtime Path
F-062,artifacts/api-server/src/lib/path-validation.ts,artifacts,5362,Source of Truth; Runtime Path
F-063,artifacts/api-server/src/lib/plugin-runtime.test.ts,artifacts,11411,Test Path; Source of Truth; Runtime Path
F-064,artifacts/api-server/src/lib/plugin-runtime.ts,artifacts,12993,Source of Truth; Runtime Path
F-065,artifacts/api-server/src/lib/project-error.test.ts,artifacts,7926,Test Path; Source of Truth; Runtime Path
F-066,artifacts/api-server/src/lib/scan-runner.ts,artifacts,18774,Source of Truth; Runtime Path
F-067,artifacts/api-server/src/lib/startup-migrations.ts,artifacts,2424,Source of Truth; Runtime Path
F-068,artifacts/api-server/src/middlewares/.gitkeep,artifacts,0,Other
F-069,artifacts/api-server/src/middlewares/clerkProxyMiddleware.ts,artifacts,5931,Source of Truth; Runtime Path
F-070,artifacts/api-server/src/middlewares/requireAuth.test.ts,artifacts,5662,Test Path; Source of Truth; Runtime Path
F-071,artifacts/api-server/src/middlewares/requireAuth.ts,artifacts,2931,Source of Truth; Runtime Path
F-072,artifacts/api-server/src/middlewares/requireProjectAccess.ts,artifacts,4974,Source of Truth; Runtime Path
F-073,artifacts/api-server/src/routes/ai.test.ts,artifacts,30227,Test Path; Source of Truth; Runtime Path
F-074,artifacts/api-server/src/routes/ai.ts,artifacts,57650,Source of Truth; Runtime Path
F-075,artifacts/api-server/src/routes/dashboard.test.ts,artifacts,14740,Test Path; Source of Truth; Runtime Path
F-076,artifacts/api-server/src/routes/dashboard.ts,artifacts,5465,Source of Truth; Runtime Path
F-077,artifacts/api-server/src/routes/discovery.test.ts,artifacts,30350,Test Path; Source of Truth; Runtime Path
F-078,artifacts/api-server/src/routes/discovery.ts,artifacts,20200,Source of Truth; Runtime Path
F-079,artifacts/api-server/src/routes/events.test.ts,artifacts,7869,Test Path; Source of Truth; Runtime Path
F-080,artifacts/api-server/src/routes/events.ts,artifacts,2184,Source of Truth; Runtime Path
F-081,artifacts/api-server/src/routes/git.ts,artifacts,15044,Source of Truth; Runtime Path
F-082,artifacts/api-server/src/routes/graph.test.ts,artifacts,32928,Test Path; Source of Truth; Runtime Path
F-083,artifacts/api-server/src/routes/graph.ts,artifacts,16430,Source of Truth; Runtime Path
F-084,artifacts/api-server/src/routes/health.test.ts,artifacts,751,Test Path; Source of Truth; Runtime Path
F-085,artifacts/api-server/src/routes/health.ts,artifacts,384,Source of Truth; Runtime Path
F-086,artifacts/api-server/src/routes/index.ts,artifacts,1022,Source of Truth; Runtime Path
F-087,artifacts/api-server/src/routes/metrics.test.ts,artifacts,4280,Test Path; Source of Truth; Runtime Path
F-088,artifacts/api-server/src/routes/metrics.ts,artifacts,3095,Source of Truth; Runtime Path
F-089,artifacts/api-server/src/routes/plugins.test.ts,artifacts,1205,Test Path; Source of Truth; Runtime Path
F-090,artifacts/api-server/src/routes/plugins.ts,artifacts,4340,Source of Truth; Runtime Path
F-091,artifacts/api-server/src/routes/projects.test.ts,artifacts,18499,Test Path; Source of Truth; Runtime Path
F-092,artifacts/api-server/src/routes/projects.ts,artifacts,8780,Source of Truth; Runtime Path
F-093,artifacts/api-server/src/routes/rules.test.ts,artifacts,12426,Test Path; Source of Truth; Runtime Path
F-094,artifacts/api-server/src/routes/rules.ts,artifacts,7394,Source of Truth; Runtime Path
F-095,artifacts/api-server/src/routes/tasks.test.ts,artifacts,12530,Test Path; Source of Truth; Runtime Path
F-096,artifacts/api-server/src/routes/tasks.ts,artifacts,19374,Source of Truth; Runtime Path
F-097,artifacts/api-server/src/routes/workflows.test.ts,artifacts,11527,Test Path; Source of Truth; Runtime Path
F-098,artifacts/api-server/src/routes/workflows.ts,artifacts,23134,Source of Truth; Runtime Path
F-099,artifacts/api-server/src/scripts/seed-provenance.ts,artifacts,7490,Source of Truth; Runtime Path
F-100,artifacts/api-server/src/types/express.d.ts,artifacts,2080,Source of Truth; Runtime Path
F-101,artifacts/api-server/tsconfig.json,artifacts,549,Configuration
F-102,artifacts/api-server/vitest.config.ts,artifacts,208,Source of Truth; Runtime Path
F-103,artifacts/dashboard/.replit-artifact/artifact.toml,artifacts,561,Configuration
F-104,artifacts/dashboard/components.json,artifacts,434,Configuration
F-105,artifacts/dashboard/index.html,artifacts,1352,Documentation
F-106,artifacts/dashboard/package.json,artifacts,2853,Configuration
F-107,artifacts/dashboard/public/favicon.svg,artifacts,163,Other
F-108,artifacts/dashboard/public/logo.svg,artifacts,502,Other
F-109,artifacts/dashboard/public/robots.txt,artifacts,23,Documentation
F-110,artifacts/dashboard/src/App.tsx,artifacts,5257,Source of Truth; Runtime Path
F-111,artifacts/dashboard/src/components/GitPanel.tsx,artifacts,20761,Source of Truth; Runtime Path
F-112,artifacts/dashboard/src/components/layout/Shell.tsx,artifacts,1829,Source of Truth; Runtime Path
F-113,artifacts/dashboard/src/components/layout/Sidebar.tsx,artifacts,3916,Source of Truth; Runtime Path
F-114,artifacts/dashboard/src/components/ui/accordion.tsx,artifacts,2013,Source of Truth; Runtime Path
F-115,artifacts/dashboard/src/components/ui/alert-dialog.tsx,artifacts,4447,Source of Truth; Runtime Path
F-116,artifacts/dashboard/src/components/ui/alert.tsx,artifacts,1609,Source of Truth; Runtime Path
F-117,artifacts/dashboard/src/components/ui/aspect-ratio.tsx,artifacts,143,Source of Truth; Runtime Path
F-118,artifacts/dashboard/src/components/ui/avatar.tsx,artifacts,1431,Source of Truth; Runtime Path
F-119,artifacts/dashboard/src/components/ui/badge.tsx,artifacts,1528,Source of Truth; Runtime Path
F-120,artifacts/dashboard/src/components/ui/breadcrumb.tsx,artifacts,2735,Source of Truth; Runtime Path
F-121,artifacts/dashboard/src/components/ui/button-group.tsx,artifacts,2222,Source of Truth; Runtime Path
F-122,artifacts/dashboard/src/components/ui/button.tsx,artifacts,2370,Source of Truth; Runtime Path
F-123,artifacts/dashboard/src/components/ui/calendar.tsx,artifacts,7607,Source of Truth; Runtime Path
F-124,artifacts/dashboard/src/components/ui/card.tsx,artifacts,1856,Source of Truth; Runtime Path
F-125,artifacts/dashboard/src/components/ui/carousel.tsx,artifacts,6288,Source of Truth; Runtime Path
F-126,artifacts/dashboard/src/components/ui/chart.tsx,artifacts,10846,Source of Truth; Runtime Path
F-127,artifacts/dashboard/src/components/ui/checkbox.tsx,artifacts,1038,Source of Truth; Runtime Path
F-128,artifacts/dashboard/src/components/ui/collapsible.tsx,artifacts,335,Source of Truth; Runtime Path
F-129,artifacts/dashboard/src/components/ui/command.tsx,artifacts,4918,Source of Truth; Runtime Path
F-130,artifacts/dashboard/src/components/ui/context-menu.tsx,artifacts,7446,Source of Truth; Runtime Path
F-131,artifacts/dashboard/src/components/ui/dialog.tsx,artifacts,3889,Source of Truth; Runtime Path
F-132,artifacts/dashboard/src/components/ui/drawer.tsx,artifacts,3029,Source of Truth; Runtime Path
F-133,artifacts/dashboard/src/components/ui/dropdown-menu.tsx,artifacts,7646,Source of Truth; Runtime Path
F-134,artifacts/dashboard/src/components/ui/empty.tsx,artifacts,2410,Source of Truth; Runtime Path
F-135,artifacts/dashboard/src/components/ui/field.tsx,artifacts,6079,Source of Truth; Runtime Path
F-136,artifacts/dashboard/src/components/ui/form.tsx,artifacts,4232,Source of Truth; Runtime Path
F-137,artifacts/dashboard/src/components/ui/hover-card.tsx,artifacts,1245,Source of Truth; Runtime Path
F-138,artifacts/dashboard/src/components/ui/input-group.tsx,artifacts,4993,Source of Truth; Runtime Path
F-139,artifacts/dashboard/src/components/ui/input-otp.tsx,artifacts,2160,Source of Truth; Runtime Path
F-140,artifacts/dashboard/src/components/ui/input.tsx,artifacts,775,Source of Truth; Runtime Path
F-141,artifacts/dashboard/src/components/ui/item.tsx,artifacts,4519,Source of Truth; Runtime Path
F-142,artifacts/dashboard/src/components/ui/kbd.tsx,artifacts,867,Source of Truth; Runtime Path
F-143,artifacts/dashboard/src/components/ui/label.tsx,artifacts,733,Source of Truth; Runtime Path
F-144,artifacts/dashboard/src/components/ui/menubar.tsx,artifacts,8655,Source of Truth; Runtime Path
F-145,artifacts/dashboard/src/components/ui/navigation-menu.tsx,artifacts,5150,Source of Truth; Runtime Path
F-146,artifacts/dashboard/src/components/ui/pagination.tsx,artifacts,2772,Source of Truth; Runtime Path
F-147,artifacts/dashboard/src/components/ui/popover.tsx,artifacts,1351,Source of Truth; Runtime Path
F-148,artifacts/dashboard/src/components/ui/progress.tsx,artifacts,799,Source of Truth; Runtime Path
F-149,artifacts/dashboard/src/components/ui/radio-group.tsx,artifacts,1421,Source of Truth; Runtime Path
F-150,artifacts/dashboard/src/components/ui/resizable.tsx,artifacts,1733,Source of Truth; Runtime Path
F-151,artifacts/dashboard/src/components/ui/scroll-area.tsx,artifacts,1650,Source of Truth; Runtime Path
F-152,artifacts/dashboard/src/components/ui/select.tsx,artifacts,5773,Source of Truth; Runtime Path
F-153,artifacts/dashboard/src/components/ui/separator.tsx,artifacts,764,Source of Truth; Runtime Path
F-154,artifacts/dashboard/src/components/ui/sheet.tsx,artifacts,4307,Source of Truth; Runtime Path
F-155,artifacts/dashboard/src/components/ui/sidebar.tsx,artifacts,21969,Source of Truth; Runtime Path
F-156,artifacts/dashboard/src/components/ui/skeleton.tsx,artifacts,269,Source of Truth; Runtime Path
F-157,artifacts/dashboard/src/components/ui/slider.tsx,artifacts,1043,Source of Truth; Runtime Path
F-158,artifacts/dashboard/src/components/ui/sonner.tsx,artifacts,902,Source of Truth; Runtime Path
F-159,artifacts/dashboard/src/components/ui/spinner.tsx,artifacts,334,Source of Truth; Runtime Path
F-160,artifacts/dashboard/src/components/ui/switch.tsx,artifacts,1155,Source of Truth; Runtime Path
F-161,artifacts/dashboard/src/components/ui/table.tsx,artifacts,2881,Source of Truth; Runtime Path
F-162,artifacts/dashboard/src/components/ui/tabs.tsx,artifacts,1890,Source of Truth; Runtime Path
F-163,artifacts/dashboard/src/components/ui/textarea.tsx,artifacts,655,Source of Truth; Runtime Path
F-164,artifacts/dashboard/src/components/ui/toast.tsx,artifacts,4871,Source of Truth; Runtime Path
F-165,artifacts/dashboard/src/components/ui/toaster.tsx,artifacts,777,Source of Truth; Runtime Path
F-166,artifacts/dashboard/src/components/ui/toggle-group.tsx,artifacts,1767,Source of Truth; Runtime Path
F-167,artifacts/dashboard/src/components/ui/toggle.tsx,artifacts,1494,Source of Truth; Runtime Path
F-168,artifacts/dashboard/src/components/ui/tooltip.tsx,artifacts,1277,Source of Truth; Runtime Path
F-169,artifacts/dashboard/src/hooks/use-mobile.tsx,artifacts,576,Source of Truth; Runtime Path
F-170,artifacts/dashboard/src/hooks/use-toast.ts,artifacts,3952,Source of Truth; Runtime Path
F-171,artifacts/dashboard/src/index.css,artifacts,7601,Source of Truth; Runtime Path
F-172,artifacts/dashboard/src/lib/clerk.ts,artifacts,2416,Source of Truth; Runtime Path
F-173,artifacts/dashboard/src/lib/utils.ts,artifacts,169,Source of Truth; Runtime Path
F-174,artifacts/dashboard/src/main.tsx,artifacts,159,Source of Truth; Runtime Path
F-175,artifacts/dashboard/src/pages/AiChat.tsx,artifacts,34173,Source of Truth; Runtime Path
F-176,artifacts/dashboard/src/pages/Dashboard.tsx,artifacts,13902,Source of Truth; Runtime Path
F-177,artifacts/dashboard/src/pages/DiscoverProjectWizard.tsx,artifacts,47244,Source of Truth; Runtime Path
F-178,artifacts/dashboard/src/pages/Events.tsx,artifacts,7383,Source of Truth; Runtime Path
F-179,artifacts/dashboard/src/pages/Graph.tsx,artifacts,31302,Source of Truth; Runtime Path
F-180,artifacts/dashboard/src/pages/Landing.tsx,artifacts,2965,Source of Truth; Runtime Path
F-181,artifacts/dashboard/src/pages/Metrics.tsx,artifacts,10463,Source of Truth; Runtime Path
F-182,artifacts/dashboard/src/pages/ProjectDetail.tsx,artifacts,17417,Source of Truth; Runtime Path
F-183,artifacts/dashboard/src/pages/Projects.tsx,artifacts,9579,Source of Truth; Runtime Path
F-184,artifacts/dashboard/src/pages/Rules.tsx,artifacts,21068,Source of Truth; Runtime Path
F-185,artifacts/dashboard/src/pages/SignIn.tsx,artifacts,362,Source of Truth; Runtime Path
F-186,artifacts/dashboard/src/pages/SignUp.tsx,artifacts,362,Source of Truth; Runtime Path
F-187,artifacts/dashboard/src/pages/Tasks.tsx,artifacts,19713,Source of Truth; Runtime Path
F-188,artifacts/dashboard/src/pages/Workflows.tsx,artifacts,25031,Source of Truth; Runtime Path
F-189,artifacts/dashboard/src/pages/not-found.tsx,artifacts,971,Source of Truth; Runtime Path
F-190,artifacts/dashboard/tsconfig.json,artifacts,520,Configuration
F-191,artifacts/dashboard/vite.config.ts,artifacts,1822,Source of Truth; Runtime Path
F-192,artifacts/mockup-sandbox/.replit-artifact/artifact.toml,artifacts,327,Configuration
F-193,artifacts/mockup-sandbox/components.json,artifacts,426,Configuration
F-194,artifacts/mockup-sandbox/index.html,artifacts,4325,Documentation
F-195,artifacts/mockup-sandbox/mockupPreviewPlugin.ts,artifacts,4639,Source of Truth; Runtime Path
F-196,artifacts/mockup-sandbox/package.json,artifacts,2515,Configuration
F-197,artifacts/mockup-sandbox/src/.generated/mockup-components.ts,artifacts,171,Generated; Source of Truth; Runtime Path
F-198,artifacts/mockup-sandbox/src/App.tsx,artifacts,3654,Source of Truth; Runtime Path
F-199,artifacts/mockup-sandbox/src/components/ui/accordion.tsx,artifacts,2001,Source of Truth; Runtime Path
F-200,artifacts/mockup-sandbox/src/components/ui/alert-dialog.tsx,artifacts,4419,Source of Truth; Runtime Path
F-201,artifacts/mockup-sandbox/src/components/ui/alert.tsx,artifacts,1598,Source of Truth; Runtime Path
F-202,artifacts/mockup-sandbox/src/components/ui/aspect-ratio.tsx,artifacts,140,Source of Truth; Runtime Path
F-203,artifacts/mockup-sandbox/src/components/ui/avatar.tsx,artifacts,1419,Source of Truth; Runtime Path
F-204,artifacts/mockup-sandbox/src/components/ui/badge.tsx,artifacts,1163,Source of Truth; Runtime Path
F-205,artifacts/mockup-sandbox/src/components/ui/breadcrumb.tsx,artifacts,2712,Source of Truth; Runtime Path
F-206,artifacts/mockup-sandbox/src/components/ui/button-group.tsx,artifacts,2209,Source of Truth; Runtime Path
F-207,artifacts/mockup-sandbox/src/components/ui/button.tsx,artifacts,1925,Source of Truth; Runtime Path
F-208,artifacts/mockup-sandbox/src/components/ui/calendar.tsx,artifacts,7569,Source of Truth; Runtime Path
F-209,artifacts/mockup-sandbox/src/components/ui/card.tsx,artifacts,1828,Source of Truth; Runtime Path
F-210,artifacts/mockup-sandbox/src/components/ui/carousel.tsx,artifacts,6210,Source of Truth; Runtime Path
F-211,artifacts/mockup-sandbox/src/components/ui/chart.tsx,artifacts,10674,Source of Truth; Runtime Path
F-212,artifacts/mockup-sandbox/src/components/ui/checkbox.tsx,artifacts,1031,Source of Truth; Runtime Path
F-213,artifacts/mockup-sandbox/src/components/ui/collapsible.tsx,artifacts,329,Source of Truth; Runtime Path
F-214,artifacts/mockup-sandbox/src/components/ui/command.tsx,artifacts,4887,Source of Truth; Runtime Path
F-215,artifacts/mockup-sandbox/src/components/ui/context-menu.tsx,artifacts,7406,Source of Truth; Runtime Path
F-216,artifacts/mockup-sandbox/src/components/ui/dialog.tsx,artifacts,3835,Source of Truth; Runtime Path
F-217,artifacts/mockup-sandbox/src/components/ui/drawer.tsx,artifacts,3007,Source of Truth; Runtime Path
F-218,artifacts/mockup-sandbox/src/components/ui/dropdown-menu.tsx,artifacts,7606,Source of Truth; Runtime Path
F-219,artifacts/mockup-sandbox/src/components/ui/empty.tsx,artifacts,2396,Source of Truth; Runtime Path
F-220,artifacts/mockup-sandbox/src/components/ui/field.tsx,artifacts,6044,Source of Truth; Runtime Path
F-221,artifacts/mockup-sandbox/src/components/ui/form.tsx,artifacts,4175,Source of Truth; Runtime Path
F-222,artifacts/mockup-sandbox/src/components/ui/hover-card.tsx,artifacts,1237,Source of Truth; Runtime Path
F-223,artifacts/mockup-sandbox/src/components/ui/input-group.tsx,artifacts,4883,Source of Truth; Runtime Path
F-224,artifacts/mockup-sandbox/src/components/ui/input-otp.tsx,artifacts,2143,Source of Truth; Runtime Path
F-225,artifacts/mockup-sandbox/src/components/ui/input.tsx,artifacts,768,Source of Truth; Runtime Path
F-226,artifacts/mockup-sandbox/src/components/ui/item.tsx,artifacts,4494,Source of Truth; Runtime Path
F-227,artifacts/mockup-sandbox/src/components/ui/kbd.tsx,artifacts,862,Source of Truth; Runtime Path
F-228,artifacts/mockup-sandbox/src/components/ui/label.tsx,artifacts,724,Source of Truth; Runtime Path
F-229,artifacts/mockup-sandbox/src/components/ui/menubar.tsx,artifacts,8608,Source of Truth; Runtime Path
F-230,artifacts/mockup-sandbox/src/components/ui/navigation-menu.tsx,artifacts,5124,Source of Truth; Runtime Path
F-231,artifacts/mockup-sandbox/src/components/ui/pagination.tsx,artifacts,2751,Source of Truth; Runtime Path
F-232,artifacts/mockup-sandbox/src/components/ui/popover.tsx,artifacts,1342,Source of Truth; Runtime Path
F-233,artifacts/mockup-sandbox/src/components/ui/progress.tsx,artifacts,792,Source of Truth; Runtime Path
F-234,artifacts/mockup-sandbox/src/components/ui/radio-group.tsx,artifacts,1410,Source of Truth; Runtime Path
F-235,artifacts/mockup-sandbox/src/components/ui/resizable.tsx,artifacts,1723,Source of Truth; Runtime Path
F-236,artifacts/mockup-sandbox/src/components/ui/scroll-area.tsx,artifacts,1642,Source of Truth; Runtime Path
F-237,artifacts/mockup-sandbox/src/components/ui/select.tsx,artifacts,5745,Source of Truth; Runtime Path
F-238,artifacts/mockup-sandbox/src/components/ui/separator.tsx,artifacts,756,Source of Truth; Runtime Path
F-239,artifacts/mockup-sandbox/src/components/ui/sheet.tsx,artifacts,4280,Source of Truth; Runtime Path
F-240,artifacts/mockup-sandbox/src/components/ui/sidebar.tsx,artifacts,21056,Source of Truth; Runtime Path
F-241,artifacts/mockup-sandbox/src/components/ui/skeleton.tsx,artifacts,266,Source of Truth; Runtime Path
F-242,artifacts/mockup-sandbox/src/components/ui/slider.tsx,artifacts,1037,Source of Truth; Runtime Path
F-243,artifacts/mockup-sandbox/src/components/ui/sonner.tsx,artifacts,894,Source of Truth; Runtime Path
F-244,artifacts/mockup-sandbox/src/components/ui/spinner.tsx,artifacts,331,Source of Truth; Runtime Path
F-245,artifacts/mockup-sandbox/src/components/ui/switch.tsx,artifacts,1148,Source of Truth; Runtime Path
F-246,artifacts/mockup-sandbox/src/components/ui/table.tsx,artifacts,2859,Source of Truth; Runtime Path
F-247,artifacts/mockup-sandbox/src/components/ui/tabs.tsx,artifacts,1877,Source of Truth; Runtime Path
F-248,artifacts/mockup-sandbox/src/components/ui/textarea.tsx,artifacts,649,Source of Truth; Runtime Path
F-249,artifacts/mockup-sandbox/src/components/ui/toast.tsx,artifacts,4845,Source of Truth; Runtime Path
F-250,artifacts/mockup-sandbox/src/components/ui/toaster.tsx,artifacts,772,Source of Truth; Runtime Path
F-251,artifacts/mockup-sandbox/src/components/ui/toggle-group.tsx,artifacts,1753,Source of Truth; Runtime Path
F-252,artifacts/mockup-sandbox/src/components/ui/toggle.tsx,artifacts,1486,Source of Truth; Runtime Path
F-253,artifacts/mockup-sandbox/src/components/ui/tooltip.tsx,artifacts,1267,Source of Truth; Runtime Path
F-254,artifacts/mockup-sandbox/src/hooks/use-mobile.tsx,artifacts,565,Source of Truth; Runtime Path
F-255,artifacts/mockup-sandbox/src/hooks/use-toast.ts,artifacts,3767,Source of Truth; Runtime Path
F-256,artifacts/mockup-sandbox/src/index.css,artifacts,5760,Source of Truth; Runtime Path
F-257,artifacts/mockup-sandbox/src/lib/utils.ts,artifacts,166,Source of Truth; Runtime Path
F-258,artifacts/mockup-sandbox/src/main.tsx,artifacts,157,Source of Truth; Runtime Path
F-259,artifacts/mockup-sandbox/tsconfig.json,artifacts,513,Configuration
F-260,artifacts/mockup-sandbox/vite.config.ts,artifacts,1592,Source of Truth; Runtime Path
F-261,attached_assets/ENGINEERINGOS_EXECUTION_ALIGNMENT_REPORT_1784147505317.md,attached_assets,7277,Documentation
F-262,attached_assets/ENGINEERINGOS_MASTER_EXECUTION_CONSTITUTION(2)_(2)_1784143389784.md,attached_assets,17268,Documentation
F-263,attached_assets/ENGINEERINGOS_PLACEHOLDER_REGISTER_1784147505353.md,attached_assets,12786,Documentation
F-264,attached_assets/ENGINEERINGOS_RUNTIME_EXECUTION_MATRIX_1784147505400.md,attached_assets,3652,Documentation
F-265,attached_assets/EngineeringOS_Audit_Report_1783641389270.md,attached_assets,14716,Documentation
F-266,attached_assets/EngineeringOS_Audit_Report_Expanded_1783642792349.md,attached_assets,17381,Documentation
F-267,attached_assets/EngineeringOS_Combined_Deep_Analysis_(1)_1783706911895.md,attached_assets,13363,Documentation
F-268,attached_assets/EngineeringOS_Engineering_Truth_Verification_1784082430324.csv,attached_assets,151098,Documentation
F-269,attached_assets/EngineeringOS_Engineering_Truth_Verification_1784082430371.md,attached_assets,9957,Documentation
F-270,attached_assets/EngineeringOS_Execution_Plan_1783831261195.pdf,attached_assets,104811,Documentation
F-271,attached_assets/EngineeringOS_Executive_Build_Directive_v1_1783912619169.md,attached_assets,11583,Documentation
F-272,attached_assets/EngineeringOS_File_Inventory_Complete(1)_1783706911845.md,attached_assets,16789,Documentation
F-273,attached_assets/EngineeringOS_File_by_File_Fact_Record_1783725698283.md,attached_assets,91708,Documentation
F-274,attached_assets/EngineeringOS_Implementation_Document_1783726156016.md,attached_assets,24261,Documentation
F-275,attached_assets/EngineeringOS_Master_Truth_Register_(1)_1784077194501.xlsx,attached_assets,56845,Documentation
F-276,attached_assets/EngineeringOS_Plan_1783818095882.pdf,attached_assets,81293,Documentation
F-277,attached_assets/EngineeringOS_Project_1783718452179.pdf,attached_assets,53834,Documentation
F-278,attached_assets/EngineeringOS_Truth_Flow_Matrix.schema_1784143389669.ts,attached_assets,12609,Documentation
F-279,attached_assets/EngineeringOS_Truth_Flow_Matrix_1784143389833.json,attached_assets,4773,Documentation; Configuration
F-280,attached_assets/EngineeringOS_Truth_Flow_Matrix_1784143389882.ts,attached_assets,4243,Documentation
F-281,attached_assets/EngineeringOS_Truth_Flow_PR_Checklist_1784143389929.md,attached_assets,3032,Documentation
F-282,attached_assets/EngineeringOS_Truth_Register_Full_(1)_1784081699025.csv,attached_assets,166934,Documentation
F-283,attached_assets/EngineeringOS_Truth_Register_Full_1784081611461.csv,attached_assets,166934,Documentation
F-284,attached_assets/EngineeringOS_Truth_Register_and_PR_Roadmap_(1)_1784081698974.md,attached_assets,16652,Documentation
F-285,attached_assets/EngineeringOS_Truth_Register_and_PR_Roadmap_1784081611536.md,attached_assets,16652,Documentation
F-286,attached_assets/EngineeringOS_analysis_report(2)_(1)_1784047036210.md,attached_assets,40290,Documentation
F-287,attached_assets/EngineeringOS_analysis_summary_1784485047967.json,attached_assets,4274,Documentation; Configuration
F-288,attached_assets/EngineeringOS_analysis_summary_1784487574320.json,attached_assets,4274,Documentation; Configuration
F-289,attached_assets/EngineeringOS_analysis_summary_1784488259980.json,attached_assets,4274,Documentation; Configuration
F-290,attached_assets/EngineeringOS_analysis_summary_1784489456836.json,attached_assets,4274,Documentation; Configuration
F-291,attached_assets/EngineeringOS_api_zod_index_export_diff_1784143389744.txt,attached_assets,162,Documentation
F-292,attached_assets/EngineeringOS_architecture_analysis_report_1784040976647.md,attached_assets,10572,Documentation
F-293,attached_assets/EngineeringOS_archive_entries_1784040976692.csv,attached_assets,62290,Documentation
F-294,attached_assets/EngineeringOS_archive_entries_1784041152876.csv,attached_assets,62290,Documentation
F-295,attached_assets/EngineeringOS_code_deep_analysis_1784052671648.md,attached_assets,14357,Documentation
F-296,attached_assets/EngineeringOS_code_deep_analysis_1784052762652.md,attached_assets,14357,Documentation
F-297,attached_assets/EngineeringOS_current_analysis_report_1784052671601.md,attached_assets,11212,Documentation
F-298,attached_assets/EngineeringOS_current_analysis_report_1784052762572.md,attached_assets,11212,Documentation
F-299,attached_assets/EngineeringOS_deep_analysis_report_1783800987828.md,attached_assets,14614,Documentation
F-300,attached_assets/EngineeringOS_deep_dive_analysis_v2_1784152351310.md,attached_assets,13702,Documentation
F-301,attached_assets/EngineeringOS_deepest_analysis_report(1)_(2)_1784154247108.md,attached_assets,8801,Documentation
F-302,attached_assets/EngineeringOS_deepest_analysis_report_(1)_1784081611576.md,attached_assets,13206,Documentation
F-303,attached_assets/EngineeringOS_deepest_analysis_report_(1)_1784081699061.md,attached_assets,13206,Documentation
F-304,attached_assets/EngineeringOS_file_inventory_(1)_1783729892809.csv,attached_assets,38456,Documentation
F-305,attached_assets/EngineeringOS_file_inventory_current_1784052671527.csv,attached_assets,79100,Documentation
F-306,attached_assets/EngineeringOS_file_inventory_current_1784052762450.csv,attached_assets,79100,Documentation
F-307,attached_assets/EngineeringOS_file_inventory_full(2)_1783988496247.csv,attached_assets,55061,Documentation
F-308,attached_assets/EngineeringOS_file_inventory_full_1783800987783.csv,attached_assets,28551,Documentation
F-309,attached_assets/EngineeringOS_file_inventory_v2_1784427571850.csv,attached_assets,95375,Documentation
F-310,attached_assets/EngineeringOS_file_inventory_v2_1784427972718.csv,attached_assets,95375,Documentation
F-311,attached_assets/EngineeringOS_forensic_engineering_report_v2_1784427571793.md,attached_assets,18265,Documentation
F-312,attached_assets/EngineeringOS_forensic_engineering_report_v2_1784427972668.md,attached_assets,18265,Documentation
F-313,attached_assets/EngineeringOS_forensic_report(1)_1784492362639.md,attached_assets,31674,Documentation
F-314,attached_assets/EngineeringOS_forensic_report(1)_1784492400992.md,attached_assets,31674,Documentation
F-315,attached_assets/EngineeringOS_forensic_report_full(1)_1784485047923.md,attached_assets,25450,Documentation
F-316,attached_assets/EngineeringOS_forensic_report_full(1)_1784487574279.md,attached_assets,25450,Documentation
F-317,attached_assets/EngineeringOS_forensic_report_full(1)_1784488259926.md,attached_assets,25450,Documentation
F-318,attached_assets/EngineeringOS_forensic_report_full(1)_1784489456770.md,attached_assets,25450,Documentation
F-319,attached_assets/EngineeringOS_full_analysis_report_1783988496190.md,attached_assets,8762,Documentation
F-320,attached_assets/EngineeringOS_full_file_inventory(1)_1784040976594.csv,attached_assets,56563,Documentation
F-321,attached_assets/EngineeringOS_full_file_inventory(1)_1784041152926.csv,attached_assets,56563,Documentation
F-322,attached_assets/EngineeringOS_full_file_inventory_1784492401113.csv,attached_assets,83815,Documentation
F-323,attached_assets/EngineeringOS_full_inventory(1)_1784485047848.csv,attached_assets,102931,Documentation
F-324,attached_assets/EngineeringOS_full_inventory(1)_1784487574226.csv,attached_assets,102931,Documentation
F-325,attached_assets/EngineeringOS_full_inventory(1)_1784488259874.csv,attached_assets,102931,Documentation
F-326,attached_assets/EngineeringOS_full_inventory(1)_1784489456653.csv,attached_assets,102931,Documentation
F-327,attached_assets/EngineeringOS_minimum_path_to_vision_(1)_1783830867380.md,attached_assets,15261,Documentation
F-328,attached_assets/EngineeringOS_minimum_path_to_vision_1783830816710.md,attached_assets,15261,Documentation
F-329,attached_assets/EngineeringOS_operational_status_record_1783912104506.md,attached_assets,5354,Documentation
F-330,attached_assets/EngineeringOS_project_analysis_report(1)_1783729892769.md,attached_assets,13022,Documentation
F-331,attached_assets/EngineeringOS_provenance_registry_linked_1783911530593.json,attached_assets,422336,Documentation; Configuration
F-332,attached_assets/EngineeringOS_provenance_registry_seed_1783911530658.json,attached_assets,248584,Documentation; Configuration
F-333,attached_assets/EngineeringOS_replit_execution_directive_1783800987701.json,attached_assets,11716,Documentation; Configuration
F-334,attached_assets/EngineeringOS_replit_execution_directive_1783800987743.md,attached_assets,11867,Documentation
F-335,attached_assets/EngineeringOS_runtime_trace_matrix_1784492401053.csv,attached_assets,958,Documentation
F-336,attached_assets/EngineeringOS_series14_truth_matrix_1783966531635.md,attached_assets,13771,Documentation
F-337,attached_assets/EngineeringOS_series15_deep_evidence_1783966531578.md,attached_assets,13524,Documentation
F-338,attached_assets/EngineeringOS_series16_truth_matrix_(1)_1783966531512.md,attached_assets,12532,Documentation
F-339,attached_assets/EngineeringOS_series17_deep_analysis_1783966531444.md,attached_assets,13745,Documentation
F-340,attached_assets/EngineeringOS_series18_status_register_(1)_1783966531375.md,attached_assets,9763,Documentation
F-341,attached_assets/EngineeringOS_series19_control_plane_evidence_1783966531303.md,attached_assets,14100,Documentation
F-342,attached_assets/EngineeringOS_series20_status_register_1783966531239.md,attached_assets,13761,Documentation
F-343,attached_assets/EngineeringOS_series21_deep_status_1783966531177.md,attached_assets,11759,Documentation
F-344,attached_assets/EngineeringOS_series22_second_wave_analysis_1783966531113.md,attached_assets,7779,Documentation
F-345,attached_assets/EngineeringOS_series23_self_verifying_architecture_1783966531049.md,attached_assets,10473,Documentation
F-346,attached_assets/EngineeringOS_series24_deep_evidence_1783966530990.md,attached_assets,9605,Documentation
F-347,attached_assets/EngineeringOS_series25_truth_register_1783966530939.md,attached_assets,11680,Documentation
F-348,attached_assets/EngineeringOS_series26_boundary_analysis_1783966530884.md,attached_assets,12996,Documentation
F-349,attached_assets/EngineeringOS_series27_failure_semantics_1783966530824.md,attached_assets,13504,Documentation
F-350,attached_assets/EngineeringOS_series28_traceability_mesh_1783966530766.md,attached_assets,13996,Documentation
F-351,attached_assets/EngineeringOS_series29_trust_boundary_register_1783966530702.md,attached_assets,9234,Documentation
F-352,attached_assets/EngineeringOS_series30_release_handoff_audit_1783966530642.md,attached_assets,9762,Documentation
F-353,attached_assets/EngineeringOS_series31_release_handoff_audit_1783966530586.md,attached_assets,17069,Documentation
F-354,attached_assets/EngineeringOS_series32_phase_conformance_audit_1783966530537.md,attached_assets,13126,Documentation
F-355,attached_assets/EngineeringOS_series33_provenance_authority_graph_1783966530470.md,attached_assets,9276,Documentation
F-356,attached_assets/EngineeringOS_status_record_(1)_1783980758791.md,attached_assets,10832,Documentation
F-357,attached_assets/EngineeringOS_status_register_(1)_1783818095824.md,attached_assets,47392,Documentation
F-358,attached_assets/EngineeringOS_status_register_final_1783902107873.md,attached_assets,13170,Documentation
F-359,attached_assets/EngineeringOS_task_backlog_1783800987875.json,attached_assets,5563,Documentation; Configuration
F-360,attached_assets/EngineeringOS_truth_checklist_1784322972343.md,attached_assets,92884,Documentation
F-361,attached_assets/EngineeringOS_truth_checklist_1784326108247.md,attached_assets,92884,Documentation
F-362,attached_assets/EngineeringOS_truth_register_current_1783825680736.md,attached_assets,33405,Documentation
F-363,attached_assets/Engineering_Os_Fact_Record_1783718570175.pdf,attached_assets,104719,Documentation
F-364,attached_assets/Engineering_Os_Phased_Completion_Plan_(1)_1783718452123.pdf,attached_assets,77805,Documentation
F-365,attached_assets/Engineering_Os_Phased_Completion_Plan_1783718452216.pdf,attached_assets,77807,Documentation
F-366,attached_assets/PR_BACKLOG_1784470184510.md,attached_assets,16676,Documentation
F-367,attached_assets/PR_BACKLOG_1784476473246.md,attached_assets,16859,Documentation
F-368,attached_assets/Pasted---1783906604381_1783906604385.txt,attached_assets,15317,Documentation
F-369,attached_assets/Pasted---1783956390496_1783956390501.txt,attached_assets,10819,Documentation
F-370,attached_assets/Pasted---1784163447147_1784163447161.txt,attached_assets,6695,Documentation
F-371,attached_assets/Pasted---1784163799356_1784163799366.txt,attached_assets,12487,Documentation
F-372,attached_assets/Pasted---1784230995192_1784230995203.txt,attached_assets,23444,Documentation
F-373,attached_assets/Pasted---1784231528183_1784231528198.txt,attached_assets,23444,Documentation
F-374,attached_assets/Pasted---1784232069146_1784232069153.txt,attached_assets,11255,Documentation
F-375,attached_assets/Pasted---1784348446604_1784348446608.txt,attached_assets,7498,Documentation
F-376,attached_assets/Pasted---1784389595241_1784389595255.txt,attached_assets,5426,Documentation
F-377,attached_assets/Pasted--1--1784078393552_1784078393558.txt,attached_assets,11565,Documentation
F-378,attached_assets/Pasted--Backlog-Execution-Backlog-v1-0--1783975284276_1783975284279.txt,attached_assets,9560,Documentation
F-379,attached_assets/Pasted--Code-Review-Plan-Groq-Scope-Save-API--1784175594438_1784175594440.txt,attached_assets,8108,Documentation
F-380,attached_assets/Pasted--Discovery-Layer--1783988471815_1783988471818.txt,attached_assets,6388,Documentation
F-381,attached_assets/Pasted--EngineeringOS--1784145653787_1784145653789.txt,attached_assets,11451,Documentation
F-382,attached_assets/Pasted--EngineeringOS-Autonomous-Project-Discovery-Onboarding-_1783565505918.txt,attached_assets,6622,Documentation
F-383,attached_assets/Pasted--EngineeringOS-Autonomous-Project-Discovery-Onboarding-_1783566150077.txt,attached_assets,6622,Documentation
F-384,attached_assets/Pasted--EngineeringOS-PR-Backlog-File-by-File-backlog--1784168_1784168977036.txt,attached_assets,15043,Documentation
F-385,attached_assets/Pasted--EngineeringOS-PR-Backlog-File-by-File-backlog--1784169_1784169315352.txt,attached_assets,15043,Documentation
F-386,attached_assets/Pasted--EngineeringOS-PR-by-PR-Execution-Pack-for-Replit-AI-PR_1784154335102.txt,attached_assets,14305,Documentation
F-387,attached_assets/Pasted--EngineeringOS-PR-by-PR-Execution-Pack-for-Replit-AI-PR_1784155079326.txt,attached_assets,14305,Documentation
F-388,attached_assets/Pasted--GROQ-API-KEY-JavaScript-Groq--1784088277237_1784088277243.txt,attached_assets,7657,Documentation
F-389,attached_assets/Pasted--Git-AI-Orchestrator-lib-ai-orchestrator-src-tools-git-_1784347517831.txt,attached_assets,6523,Documentation
F-390,attached_assets/Pasted--Knowledge-Graph-2-0--1784165514922_1784165514926.txt,attached_assets,7420,Documentation
F-391,attached_assets/Pasted--Knowledge-Graph-2-0-Checklist-File--1784165546932_1784165546935.txt,attached_assets,11773,Documentation
F-392,attached_assets/Pasted--PR--1784040954263_1784040954267.txt,attached_assets,11758,Documentation
F-393,attached_assets/Pasted--PR-01-Sync-OpenAPI-with-runtime-graph-surface-files-li_1784234215782.txt,attached_assets,5651,Documentation
F-394,attached_assets/Pasted--PR-03-Micro-Backlog-Contract-Layer-Stabilization-1-3--_1784158287520.txt,attached_assets,7655,Documentation
F-395,attached_assets/Pasted--PR-1-Hardening-Contract-Alignment-for-projects-ts-proj_1784052905584.txt,attached_assets,5241,Documentation
F-396,attached_assets/Pasted--PR-Backlog-EngineeringOS-1-Scoping-ownership-integrity_1784154359481.txt,attached_assets,9635,Documentation
F-397,attached_assets/Pasted--PR-Backlog-EngineeringOS-Execution-Alignment--17841474_1784147452495.txt,attached_assets,8780,Documentation
F-398,attached_assets/Pasted--PR-Title-fix-ai-chat-surface-AI-request-failures-and-r_1784130154946.txt,attached_assets,5312,Documentation
F-399,attached_assets/Pasted--PR-Title-fix-discovery-Classify-Project-Loading-Failur_1784086246178.txt,attached_assets,5333,Documentation
F-400,attached_assets/Pasted--PR-app-ts--1784047027177_1784047027183.txt,attached_assets,19647,Documentation
F-401,attached_assets/Pasted--PR-app-ts--1784047927706_1784047927710.txt,attached_assets,19647,Documentation
F-402,attached_assets/Pasted--PR-discovery-ts-PR-1-Discovery--1783996178319_1783996178325.txt,attached_assets,10274,Documentation
F-403,attached_assets/Pasted--PR-lib-ai-orchestrator-PR-1-Prompt-Templates--17839939_1783993953832.txt,attached_assets,4754,Documentation
F-404,attached_assets/Pasted--PR-lib-ai-orchestrator-PR-1-Prompt-Templates--17839939_1783993967887.txt,attached_assets,4754,Documentation
F-405,attached_assets/Pasted--PR-lib-ai-orchestrator-PR-1-Prompt-Templates--17839950_1783995013203.txt,attached_assets,4754,Documentation
F-406,attached_assets/Pasted--PR-title-Harden-auth-context-and-prepare-project-scope_1784044908893.txt,attached_assets,3811,Documentation
F-407,attached_assets/Pasted--PR-title-Hardening-discovery-ts-into-a-deterministic-o_1784053152915.txt,attached_assets,5750,Documentation
F-408,attached_assets/Pasted--Plan-3-Sync-fact-record-architecture-docs-3-Sync-Fact-_1783733496072.txt,attached_assets,17691,Documentation
F-409,attached_assets/Pasted--Plan-3-Sync-fact-record-architecture-docs-3-Sync-Fact-_1783790285219.txt,attached_assets,17691,Documentation
F-410,attached_assets/Pasted--Today-5-05-AM-EngineeringOS-main-66-zip-Zip-Archive-Fo_1784430667443.txt,attached_assets,32657,Documentation
F-411,attached_assets/Pasted--artifacts-api-server-src-routes-ai-ts-lib-ai-orchestra_1784388540189.txt,attached_assets,12843,Documentation
F-412,attached_assets/Pasted--artifacts-api-server-src-routes-discovery-ts--17839967_1783996711676.txt,attached_assets,10600,Documentation
F-413,attached_assets/Pasted--artifacts-api-server-src-routes-discovery-ts--17839967_1783997082105.txt,attached_assets,10600,Documentation
F-414,attached_assets/Pasted--lib-ai-orchestrator--1783993997216_1783993997218.txt,attached_assets,8527,Documentation
F-415,attached_assets/Pasted--lib-db-test-script--1784159470823_1784159470827.txt,attached_assets,11190,Documentation
F-416,attached_assets/Pasted--onboarding-o-1783988399961_1783988399964.txt,attached_assets,4676,Documentation
F-417,attached_assets/Pasted--src-context-builder-ts-src-schemas-context-schema-1784_1784305372706.txt,attached_assets,6056,Documentation
F-418,attached_assets/Pasted--test--1784245726594_1784245726598.txt,attached_assets,11566,Documentation
F-419,attached_assets/Pasted--test--1784245803493_1784245803497.txt,attached_assets,11560,Documentation
F-420,attached_assets/Pasted-7-Upgrade-Dashboard-to-Operational-UI-What-Why-Current-_1783734748019.txt,attached_assets,2796,Documentation
F-421,attached_assets/Pasted-7-Upgrade-Dashboard-to-Operational-UI-What-Why-Current-_1783798897613.txt,attached_assets,2795,Documentation
F-422,attached_assets/Pasted-PR-Title-security-ai-Harden-User-Scoped-Groq-Credential_1784127290653.txt,attached_assets,5304,Documentation
F-423,attached_assets/Pasted-Plan-6-Deepen-graph-scanner-discovery-6-Deepen-Graph-Sc_1783734658300.txt,attached_assets,2633,Documentation
F-424,attached_assets/Screenshot_٢٠٢٦٠٧٠٩-٠٦١٦٢٥_1783567039006.png,attached_assets,98945,Documentation
F-425,attached_assets/Screenshot_٢٠٢٦٠٧٠٩-٠٦٢٠٣٨_1783610776566.png,attached_assets,100944,Documentation
F-426,attached_assets/Screenshot_٢٠٢٦٠٧١٣-٠٣٥٣١٨_1783904118069.png,attached_assets,86583,Documentation
F-427,attached_assets/Screenshot_٢٠٢٦٠٧١٣-٠٤٠٥١١_1783904724118.png,attached_assets,135875,Documentation
F-428,attached_assets/Screenshot_٢٠٢٦٠٧١٣-٠٤٤٤٢٨_1783907108840.png,attached_assets,77223,Documentation
F-429,attached_assets/Screenshot_٢٠٢٦٠٧١٣-٠٥٠١٣٨_1783908128704.png,attached_assets,63973,Documentation
F-430,attached_assets/Screenshot_٢٠٢٦٠٧١٣-٠٥١٤٥٤_1783908924873.png,attached_assets,77952,Documentation
F-431,attached_assets/Screenshot_٢٠٢٦٠٧١٣-٠٥١٩٤٨_1783909201747.png,attached_assets,72233,Documentation
F-432,attached_assets/Screenshot_٢٠٢٦٠٧١٦-٠٧٣٧٤٤_1784176683628.png,attached_assets,162953,Documentation
F-433,attached_assets/Screenshot_٢٠٢٦٠٧١٦-١٨٣٠٤١_1784216000977.png,attached_assets,98245,Documentation
F-434,attached_assets/Screenshot_٢٠٢٦٠٧١٦-١٨٣٠٤٦_1784216000942.png,attached_assets,108546,Documentation
F-435,attached_assets/Screenshot_٢٠٢٦٠٧١٨-٠١٠٨١٠_1784326132441.png,attached_assets,113984,Documentation
F-436,attached_assets/Screenshot_٢٠٢٦٠٧١٨-٠٦١٢٠٢_1784344398002.png,attached_assets,111052,Documentation
F-437,attached_assets/Screenshot_٢٠٢٦٠٧١٨-٠٦١٢٤٢_1784344397966.png,attached_assets,105598,Documentation
F-438,attached_assets/Screenshot_٢٠٢٦٠٧١٨-٠٦١٢٤٦_1784344397931.png,attached_assets,111762,Documentation
F-439,attached_assets/Screenshot_٢٠٢٦٠٧١٨-٠٦١٩١٠_1784344762476.png,attached_assets,109406,Documentation
F-440,attached_assets/Screenshot_٢٠٢٦٠٧١٩-٠٤٣٥١٧_1784424954601.png,attached_assets,137147,Documentation
F-441,attached_assets/Screenshot_٢٠٢٦٠٧١٩-٠٤٣٥٢١_1784424954559.png,attached_assets,194701,Documentation
F-442,attached_assets/agents_(1)_1783564013722.zip,attached_assets,256,Documentation
F-443,attached_assets/ai_orchestrator_deep_dive_(1)_1783994021466.md,attached_assets,10648,Documentation
F-444,attached_assets/artifacts_(7)_(1)_1783564013761.zip,attached_assets,1668739,Documentation
F-445,attached_assets/engineeringos_forensic_analysis_1784431635464.md,attached_assets,108670,Documentation
F-446,attached_assets/engineeringos_forensic_analysis_complete_1784431954519.md,attached_assets,189018,Documentation
F-447,attached_assets/engineeringos_forensic_analysis_complete_1784476328406.md,attached_assets,189018,Documentation
F-448,attached_assets/git_(2)_1783564013691.zip,attached_assets,134,Documentation
F-449,attached_assets/gitattributes_1783564013915.txt,attached_assets,92,Documentation
F-450,attached_assets/gitignore_(1)_1783564013965.txt,attached_assets,668,Documentation
F-451,attached_assets/lib_(7)_(1)_1783564013810.zip,attached_assets,219450,Documentation
F-452,attached_assets/node_modules_(2)_1783564014266.zip,attached_assets,22,Documentation
F-453,attached_assets/npmrc_(2)_1783564014024.txt,attached_assets,56,Documentation
F-454,attached_assets/package_(1)_(7)_1783564014328.json,attached_assets,649,Documentation; Configuration
F-455,attached_assets/pnpm-lock.yaml_(3)_1783564014392.txt,attached_assets,210264,Documentation
F-456,attached_assets/pnpm-workspace.yaml_(3)_1783564014449.txt,attached_assets,6579,Documentation
F-457,attached_assets/pr-backlog-ai-orchestrator_1784306020062.md,attached_assets,15737,Documentation
F-458,attached_assets/replit_(13)_1783564014085.md,attached_assets,1521,Documentation
F-459,attached_assets/replit_(2)_1783564014509.txt,attached_assets,372,Documentation
F-460,attached_assets/replitignore_1783564014569.txt,attached_assets,201,Documentation
F-461,attached_assets/scripts_(8)_1783564013865.zip,attached_assets,11642,Documentation
F-462,attached_assets/tsconfig.base_(2)_(1)_1783564014142.json,attached_assets,692,Documentation; Configuration
F-463,attached_assets/tsconfig_(7)_1783564014202.json,attached_assets,279,Documentation; Configuration
F-464,attached_assets/تحليل_EngineeringOS_1783804577785.docx,attached_assets,20978,Documentation
F-465,attached_assets/خطة_العمل_التنفيذية_لمشروع_EngineeringOS_1783729892699.docx,attached_assets,18423,Documentation
F-466,docs/ENGINEERINGOS_MASTER_EXECUTION_CONSTITUTION.md,docs,17268,Documentation
F-467,docs/EXECUTION_ALIGNMENT_REPORT.md,docs,7369,Documentation
F-468,docs/PLACEHOLDER_REGISTER.md,docs,8356,Documentation
F-469,docs/PR_BACKLOG.md,docs,16676,Documentation
F-470,docs/RUNTIME_EXECUTION_MATRIX.md,docs,3811,Documentation
F-471,docs/ai-orchestrator-executive-table.md,docs,16654,Documentation
F-472,docs/ai-orchestrator-forensic-analysis.md,docs,30657,Documentation
F-473,docs/ai-orchestrator-gap-analysis.md,docs,14463,Documentation
F-474,docs/ai-orchestrator-trace-analysis.md,docs,14464,Documentation
F-475,docs/architecture.md,docs,16742,Documentation
F-476,docs/completion-plan.md,docs,45244,Documentation
F-477,docs/fact-record.md,docs,153610,Documentation
F-478,docs/pr-backlog-ai-orchestrator.md,docs,15737,Documentation
F-479,docs/truth-flow-pr-checklist.md,docs,4636,Documentation
F-480,docs/truth-flow-pr-review-plan.md,docs,21128,Documentation
F-481,lib/ai-orchestrator/package.json,lib,530,Configuration
F-482,lib/ai-orchestrator/src/__tests__/chat-agent.test.ts,lib,6564,Test Path; Source of Truth; Runtime Path
F-483,lib/ai-orchestrator/src/__tests__/file-tools.test.ts,lib,3400,Test Path; Source of Truth; Runtime Path
F-484,lib/ai-orchestrator/src/__tests__/groq-client.test.ts,lib,8271,Test Path; Source of Truth; Runtime Path
F-485,lib/ai-orchestrator/src/__tests__/parsing.test.ts,lib,4864,Test Path; Source of Truth; Runtime Path
F-486,lib/ai-orchestrator/src/__tests__/schemas.test.ts,lib,10914,Test Path; Source of Truth; Runtime Path
F-487,lib/ai-orchestrator/src/__tests__/workflow-orchestrator.test.ts,lib,22740,Test Path; Source of Truth; Runtime Path
F-488,lib/ai-orchestrator/src/agents/chat-agent.ts,lib,19426,Source of Truth; Runtime Path
F-489,lib/ai-orchestrator/src/agents/code-reviewer.ts,lib,2804,Source of Truth; Runtime Path
F-490,lib/ai-orchestrator/src/agents/scan-analyst.ts,lib,2844,Source of Truth; Runtime Path
F-491,lib/ai-orchestrator/src/agents/task-agent.ts,lib,3374,Source of Truth; Runtime Path
F-492,lib/ai-orchestrator/src/agents/workflow-orchestrator.ts,lib,10906,Source of Truth; Runtime Path
F-493,lib/ai-orchestrator/src/context-builder.test.ts,lib,12443,Test Path; Source of Truth; Runtime Path
F-494,lib/ai-orchestrator/src/context-builder.ts,lib,19080,Source of Truth; Runtime Path
F-495,lib/ai-orchestrator/src/errors.ts,lib,2081,Source of Truth; Runtime Path
F-496,lib/ai-orchestrator/src/groq-client.ts,lib,17890,Source of Truth; Runtime Path
F-497,lib/ai-orchestrator/src/index.ts,lib,1435,Source of Truth; Runtime Path
F-498,lib/ai-orchestrator/src/parsing.ts,lib,3877,Source of Truth; Runtime Path
F-499,lib/ai-orchestrator/src/prompts/chat.prompt.ts,lib,6461,Source of Truth; Runtime Path
F-500,lib/ai-orchestrator/src/prompts/index.ts,lib,424,Source of Truth; Runtime Path
F-501,lib/ai-orchestrator/src/prompts/review.prompt.ts,lib,3940,Source of Truth; Runtime Path
F-502,lib/ai-orchestrator/src/prompts/scan.prompt.ts,lib,3530,Source of Truth; Runtime Path
F-503,lib/ai-orchestrator/src/prompts/task.prompt.ts,lib,3220,Source of Truth; Runtime Path
F-504,lib/ai-orchestrator/src/prompts/workflow.prompt.ts,lib,4077,Source of Truth; Runtime Path
F-505,lib/ai-orchestrator/src/schemas/chat.schema.ts,lib,2461,Source of Truth; Runtime Path
F-506,lib/ai-orchestrator/src/schemas/code-review.schema.ts,lib,1118,Source of Truth; Runtime Path
F-507,lib/ai-orchestrator/src/schemas/context.schema.ts,lib,932,Source of Truth; Runtime Path
F-508,lib/ai-orchestrator/src/schemas/index.ts,lib,961,Source of Truth; Runtime Path
F-509,lib/ai-orchestrator/src/schemas/scan.schema.ts,lib,800,Source of Truth; Runtime Path
F-510,lib/ai-orchestrator/src/schemas/task.schema.ts,lib,398,Source of Truth; Runtime Path
F-511,lib/ai-orchestrator/src/schemas/workflow.schema.ts,lib,4236,Source of Truth; Runtime Path
F-512,lib/ai-orchestrator/src/tools/file-tools.ts,lib,18675,Source of Truth; Runtime Path
F-513,lib/ai-orchestrator/src/tools/git-tools.ts,lib,4976,Source of Truth; Runtime Path
F-514,lib/ai-orchestrator/tsconfig.json,lib,298,Configuration
F-515,lib/ai-orchestrator/vitest.config.ts,lib,304,Source of Truth; Runtime Path
F-516,lib/api-client-react/package.json,lib,265,Configuration; Contract
F-517,lib/api-client-react/src/custom-fetch.ts,lib,11892,Source of Truth; Runtime Path; Contract
F-518,lib/api-client-react/src/generated/api.schemas.ts,lib,30363,Generated; Source of Truth; Runtime Path; Contract
F-519,lib/api-client-react/src/generated/api.ts,lib,181990,Generated; Source of Truth; Runtime Path; Contract
F-520,lib/api-client-react/src/index.ts,lib,756,Source of Truth; Runtime Path; Contract
F-521,lib/api-client-react/src/project-error.ts,lib,5928,Source of Truth; Runtime Path; Contract
F-522,lib/api-client-react/src/use-ai-chat-stream.ts,lib,5127,Source of Truth; Runtime Path; Contract
F-523,lib/api-client-react/tsconfig.json,lib,251,Configuration; Contract
F-524,lib/api-spec/openapi.yaml,lib,99764,Configuration; Contract
F-525,lib/api-spec/orval.config.ts,lib,1959,Source of Truth; Runtime Path; Contract
F-526,lib/api-spec/package.json,lib,307,Configuration; Contract
F-527,lib/api-zod/package.json,lib,189,Configuration; Contract
F-528,lib/api-zod/src/generated/api.ts,lib,107980,Generated; Source of Truth; Runtime Path; Contract
F-529,lib/api-zod/src/generated/types/aiApplyChangesRequest.ts,lib,368,Generated; Source of Truth; Runtime Path; Contract
F-530,lib/api-zod/src/generated/types/aiApplyChangesRequestChangesItem.ts,lib,279,Generated; Source of Truth; Runtime Path; Contract
F-531,lib/api-zod/src/generated/types/aiApplyChangesResult.ts,lib,343,Generated; Source of Truth; Runtime Path; Contract
F-532,lib/api-zod/src/generated/types/aiApplyChangesResultResultsItem.ts,lib,265,Generated; Source of Truth; Runtime Path; Contract
F-533,lib/api-zod/src/generated/types/aiChatMessage.ts,lib,389,Generated; Source of Truth; Runtime Path; Contract
F-534,lib/api-zod/src/generated/types/aiChatMessageRole.ts,lib,366,Generated; Source of Truth; Runtime Path; Contract
F-535,lib/api-zod/src/generated/types/aiChatOutput.ts,lib,498,Generated; Source of Truth; Runtime Path; Contract
F-536,lib/api-zod/src/generated/types/aiChatRequest.ts,lib,262,Generated; Source of Truth; Runtime Path; Contract
F-537,lib/api-zod/src/generated/types/aiChatSession.ts,lib,290,Generated; Source of Truth; Runtime Path; Contract
F-538,lib/api-zod/src/generated/types/aiCodeIssue.ts,lib,466,Generated; Source of Truth; Runtime Path; Contract
F-539,lib/api-zod/src/generated/types/aiCodeIssueSeverity.ts,lib,386,Generated; Source of Truth; Runtime Path; Contract
F-540,lib/api-zod/src/generated/types/aiCodeIssueType.ts,lib,414,Generated; Source of Truth; Runtime Path; Contract
F-541,lib/api-zod/src/generated/types/aiCodeReview.ts,lib,506,Generated; Source of Truth; Runtime Path; Contract
F-542,lib/api-zod/src/generated/types/aiCodeReviewVerdict.ts,lib,402,Generated; Source of Truth; Runtime Path; Contract
F-543,lib/api-zod/src/generated/types/aiOrchestrateRequest.ts,lib,237,Generated; Source of Truth; Runtime Path; Contract
F-544,lib/api-zod/src/generated/types/aiOrchestrationDecision.ts,lib,436,Generated; Source of Truth; Runtime Path; Contract
F-545,lib/api-zod/src/generated/types/aiOrchestrationDecisionAction.ts,lib,430,Generated; Source of Truth; Runtime Path; Contract
F-546,lib/api-zod/src/generated/types/aiPendingChange.ts,lib,621,Generated; Source of Truth; Runtime Path; Contract
F-547,lib/api-zod/src/generated/types/aiReviewRequest.ts,lib,330,Generated; Source of Truth; Runtime Path; Contract
F-548,lib/api-zod/src/generated/types/aiReviewRequestFileContents.ts,lib,232,Generated; Source of Truth; Runtime Path; Contract
F-549,lib/api-zod/src/generated/types/aiScanAnalysis.ts,lib,382,Generated; Source of Truth; Runtime Path; Contract
F-550,lib/api-zod/src/generated/types/aiScanInsight.ts,lib,476,Generated; Source of Truth; Runtime Path; Contract
F-551,lib/api-zod/src/generated/types/aiScanInsightCategory.ts,lib,474,Generated; Source of Truth; Runtime Path; Contract
F-552,lib/api-zod/src/generated/types/aiScanInsightSeverity.ts,lib,394,Generated; Source of Truth; Runtime Path; Contract
F-553,lib/api-zod/src/generated/types/createProjectInput.ts,lib,307,Generated; Source of Truth; Runtime Path; Contract
F-554,lib/api-zod/src/generated/types/createRuleInput.ts,lib,432,Generated; Source of Truth; Runtime Path; Contract
F-555,lib/api-zod/src/generated/types/createTaskInput.ts,lib,453,Generated; Source of Truth; Runtime Path; Contract
F-556,lib/api-zod/src/generated/types/createWorkflowInput.ts,lib,348,Generated; Source of Truth; Runtime Path; Contract
F-557,lib/api-zod/src/generated/types/dashboardOverview.ts,lib,820,Generated; Source of Truth; Runtime Path; Contract
F-558,lib/api-zod/src/generated/types/dashboardOverviewProjectScoresItem.ts,lib,436,Generated; Source of Truth; Runtime Path; Contract
F-559,lib/api-zod/src/generated/types/dashboardOverviewProjectScoresItemTrend.ts,lib,464,Generated; Source of Truth; Runtime Path; Contract
F-560,lib/api-zod/src/generated/types/dashboardOverviewTaskStatusBreakdown.ts,lib,241,Generated; Source of Truth; Runtime Path; Contract
F-561,lib/api-zod/src/generated/types/dashboardOverviewTopRulesItem.ts,lib,285,Generated; Source of Truth; Runtime Path; Contract
F-562,lib/api-zod/src/generated/types/deleteGroqKey200.ts,lib,224,Generated; Source of Truth; Runtime Path; Contract
F-563,lib/api-zod/src/generated/types/discoveryGraphSummaryData.ts,lib,598,Generated; Source of Truth; Runtime Path; Contract
F-564,lib/api-zod/src/generated/types/discoveryGraphSummaryDataEntitiesByType.ts,lib,244,Generated; Source of Truth; Runtime Path; Contract
F-565,lib/api-zod/src/generated/types/discoveryGraphSummaryDataFilesByLanguage.ts,lib,245,Generated; Source of Truth; Runtime Path; Contract
F-566,lib/api-zod/src/generated/types/discoveryOptions.ts,lib,347,Generated; Source of Truth; Runtime Path; Contract
F-567,lib/api-zod/src/generated/types/discoveryReport.ts,lib,1286,Generated; Source of Truth; Runtime Path; Contract
F-568,lib/api-zod/src/generated/types/discoveryRuleViolationItem.ts,lib,283,Generated; Source of Truth; Runtime Path; Contract
F-569,lib/api-zod/src/generated/types/discoverySessionStatus.ts,lib,676,Generated; Source of Truth; Runtime Path; Contract
F-570,lib/api-zod/src/generated/types/discoverySessionStatusStatus.ts,lib,460,Generated; Source of Truth; Runtime Path; Contract
F-571,lib/api-zod/src/generated/types/discoverySourceCapability.ts,lib,412,Generated; Source of Truth; Runtime Path; Contract
F-572,lib/api-zod/src/generated/types/discoverySourceConfig.ts,lib,909,Generated; Source of Truth; Runtime Path; Contract
F-573,lib/api-zod/src/generated/types/discoverySourceConfigCredentials.ts,lib,323,Generated; Source of Truth; Runtime Path; Contract
F-574,lib/api-zod/src/generated/types/discoveryStepItem.ts,lib,378,Generated; Source of Truth; Runtime Path; Contract
F-575,lib/api-zod/src/generated/types/discoveryStepItemStatus.ts,lib,406,Generated; Source of Truth; Runtime Path; Contract
F-576,lib/api-zod/src/generated/types/entityType.ts,lib,418,Generated; Source of Truth; Runtime Path; Contract
F-577,lib/api-zod/src/generated/types/evaluateRuleRequest.ts,lib,227,Generated; Source of Truth; Runtime Path; Contract
F-578,lib/api-zod/src/generated/types/event.ts,lib,714,Generated; Source of Truth; Runtime Path; Contract
F-579,lib/api-zod/src/generated/types/eventPayload.ts,lib,220,Generated; Source of Truth; Runtime Path; Contract
F-580,lib/api-zod/src/generated/types/eventSeverity.ts,lib,366,Generated; Source of Truth; Runtime Path; Contract
F-581,lib/api-zod/src/generated/types/failWorkflowPhaseInput.ts,lib,227,Generated; Source of Truth; Runtime Path; Contract
F-582,lib/api-zod/src/generated/types/getGraphEntityImpact404.ts,lib,225,Generated; Source of Truth; Runtime Path; Contract
F-583,lib/api-zod/src/generated/types/getGraphEntityImpactParams.ts,lib,284,Generated; Source of Truth; Runtime Path; Contract
F-584,lib/api-zod/src/generated/types/getGraphEntityNeighbors200.ts,lib,440,Generated; Source of Truth; Runtime Path; Contract
F-585,lib/api-zod/src/generated/types/getGraphEntityNeighbors404.ts,lib,228,Generated; Source of Truth; Runtime Path; Contract
F-586,lib/api-zod/src/generated/types/getGraphEvidence403.ts,lib,221,Generated; Source of Truth; Runtime Path; Contract
F-587,lib/api-zod/src/generated/types/getGraphEvidence404.ts,lib,221,Generated; Source of Truth; Runtime Path; Contract
F-588,lib/api-zod/src/generated/types/getGraphPathParams.ts,lib,288,Generated; Source of Truth; Runtime Path; Contract
F-589,lib/api-zod/src/generated/types/getGraphRuntimeSubgraph403.ts,lib,228,Generated; Source of Truth; Runtime Path; Contract
F-590,lib/api-zod/src/generated/types/getGraphRuntimeSubgraph404.ts,lib,228,Generated; Source of Truth; Runtime Path; Contract
F-591,lib/api-zod/src/generated/types/getGraphSemanticNeighborhood400.ts,lib,233,Generated; Source of Truth; Runtime Path; Contract
F-592,lib/api-zod/src/generated/types/getGraphSemanticNeighborhood403.ts,lib,233,Generated; Source of Truth; Runtime Path; Contract
F-593,lib/api-zod/src/generated/types/getGraphSemanticNeighborhood404.ts,lib,233,Generated; Source of Truth; Runtime Path; Contract
F-594,lib/api-zod/src/generated/types/getGraphSemanticNeighborhoodParams.ts,lib,414,Generated; Source of Truth; Runtime Path; Contract
F-595,lib/api-zod/src/generated/types/getGraphSubgraph400.ts,lib,221,Generated; Source of Truth; Runtime Path; Contract
F-596,lib/api-zod/src/generated/types/getGraphSubgraph403.ts,lib,221,Generated; Source of Truth; Runtime Path; Contract
F-597,lib/api-zod/src/generated/types/getGraphSubgraph404.ts,lib,221,Generated; Source of Truth; Runtime Path; Contract
F-598,lib/api-zod/src/generated/types/getGraphSubgraphParams.ts,lib,365,Generated; Source of Truth; Runtime Path; Contract
F-599,lib/api-zod/src/generated/types/getLatestMetricsParams.ts,lib,227,Generated; Source of Truth; Runtime Path; Contract
F-600,lib/api-zod/src/generated/types/gitCommitEntry.ts,lib,466,Generated; Source of Truth; Runtime Path; Contract
F-601,lib/api-zod/src/generated/types/gitCommitInput.ts,lib,337,Generated; Source of Truth; Runtime Path; Contract
F-602,lib/api-zod/src/generated/types/gitConfig.ts,lib,371,Generated; Source of Truth; Runtime Path; Contract
F-603,lib/api-zod/src/generated/types/gitHubTokenStatus.ts,lib,358,Generated; Source of Truth; Runtime Path; Contract
F-604,lib/api-zod/src/generated/types/gitLog.ts,lib,278,Generated; Source of Truth; Runtime Path; Contract
F-605,lib/api-zod/src/generated/types/gitOperationResult.ts,lib,319,Generated; Source of Truth; Runtime Path; Contract
F-606,lib/api-zod/src/generated/types/gitPushResult.ts,lib,369,Generated; Source of Truth; Runtime Path; Contract
F-607,lib/api-zod/src/generated/types/gitStatus.ts,lib,346,Generated; Source of Truth; Runtime Path; Contract
F-608,lib/api-zod/src/generated/types/gitStatusFile.ts,lib,355,Generated; Source of Truth; Runtime Path; Contract
F-609,lib/api-zod/src/generated/types/graphCentralityScore.ts,lib,335,Generated; Source of Truth; Runtime Path; Contract
F-610,lib/api-zod/src/generated/types/graphEdgeType.ts,lib,551,Generated; Source of Truth; Runtime Path; Contract
F-611,lib/api-zod/src/generated/types/graphEntity.ts,lib,1474,Generated; Source of Truth; Runtime Path; Contract
F-612,lib/api-zod/src/generated/types/graphEntityMetadata.ts,lib,227,Generated; Source of Truth; Runtime Path; Contract
F-613,lib/api-zod/src/generated/types/graphEvidence.ts,lib,499,Generated; Source of Truth; Runtime Path; Contract
F-614,lib/api-zod/src/generated/types/graphEvidenceBundle.ts,lib,386,Generated; Source of Truth; Runtime Path; Contract
F-615,lib/api-zod/src/generated/types/graphEvidenceKind.ts,lib,510,Generated; Source of Truth; Runtime Path; Contract
F-616,lib/api-zod/src/generated/types/graphEvidenceResponse.ts,lib,382,Generated; Source of Truth; Runtime Path; Contract
F-617,lib/api-zod/src/generated/types/graphImpactHop.ts,lib,435,Generated; Source of Truth; Runtime Path; Contract
F-618,lib/api-zod/src/generated/types/graphImpactResult.ts,lib,388,Generated; Source of Truth; Runtime Path; Contract
F-619,lib/api-zod/src/generated/types/graphLayerCounts.ts,lib,255,Generated; Source of Truth; Runtime Path; Contract
F-620,lib/api-zod/src/generated/types/graphPathResult.ts,lib,319,Generated; Source of Truth; Runtime Path; Contract
F-621,lib/api-zod/src/generated/types/graphPathStep.ts,lib,371,Generated; Source of Truth; Runtime Path; Contract
F-622,lib/api-zod/src/generated/types/graphProvenance.ts,lib,437,Generated; Source of Truth; Runtime Path; Contract
F-623,lib/api-zod/src/generated/types/graphRelationship.ts,lib,1903,Generated; Source of Truth; Runtime Path; Contract
F-624,lib/api-zod/src/generated/types/graphRelationshipMetadata.ts,lib,233,Generated; Source of Truth; Runtime Path; Contract
F-625,lib/api-zod/src/generated/types/graphRuntimeSubgraph.ts,lib,384,Generated; Source of Truth; Runtime Path; Contract
F-626,lib/api-zod/src/generated/types/graphSemanticNeighborhood.ts,lib,410,Generated; Source of Truth; Runtime Path; Contract
F-627,lib/api-zod/src/generated/types/graphSubgraph.ts,lib,579,Generated; Source of Truth; Runtime Path; Contract
F-628,lib/api-zod/src/generated/types/graphSubgraphFilters.ts,lib,413,Generated; Source of Truth; Runtime Path; Contract
F-629,lib/api-zod/src/generated/types/graphSubgraphLayered.ts,lib,357,Generated; Source of Truth; Runtime Path; Contract
F-630,lib/api-zod/src/generated/types/graphSummary.ts,lib,706,Generated; Source of Truth; Runtime Path; Contract
F-631,lib/api-zod/src/generated/types/graphSummaryEntitiesByType.ts,lib,231,Generated; Source of Truth; Runtime Path; Contract
F-632,lib/api-zod/src/generated/types/graphSummaryRelationsByType.ts,lib,232,Generated; Source of Truth; Runtime Path; Contract
F-633,lib/api-zod/src/generated/types/groqKeyStatus.ts,lib,400,Generated; Source of Truth; Runtime Path; Contract
F-634,lib/api-zod/src/generated/types/healthStatus.ts,lib,375,Generated; Source of Truth; Runtime Path; Contract
F-635,lib/api-zod/src/generated/types/healthStatusStatus.ts,lib,320,Generated; Source of Truth; Runtime Path; Contract
F-636,lib/api-zod/src/generated/types/importProjectInput.ts,lib,353,Generated; Source of Truth; Runtime Path; Contract
F-637,lib/api-zod/src/generated/types/importProjectInputOverrides.ts,lib,296,Generated; Source of Truth; Runtime Path; Contract
F-638,lib/api-zod/src/generated/types/index.ts,lib,6147,Generated; Source of Truth; Runtime Path; Contract
F-639,lib/api-zod/src/generated/types/jobQueueStats.ts,lib,698,Generated; Source of Truth; Runtime Path; Contract
F-640,lib/api-zod/src/generated/types/listAiChatSessionsParams.ts,lib,228,Generated; Source of Truth; Runtime Path; Contract
F-641,lib/api-zod/src/generated/types/listEventsParams.ts,lib,342,Generated; Source of Truth; Runtime Path; Contract
F-642,lib/api-zod/src/generated/types/listGraphEntitiesParams.ts,lib,295,Generated; Source of Truth; Runtime Path; Contract
F-643,lib/api-zod/src/generated/types/listGraphRelationshipsParams.ts,lib,252,Generated; Source of Truth; Runtime Path; Contract
F-644,lib/api-zod/src/generated/types/listMetricsParams.ts,lib,245,Generated; Source of Truth; Runtime Path; Contract
F-645,lib/api-zod/src/generated/types/listRulesParams.ts,lib,297,Generated; Source of Truth; Runtime Path; Contract
F-646,lib/api-zod/src/generated/types/listTasksParams.ts,lib,366,Generated; Source of Truth; Runtime Path; Contract
F-647,lib/api-zod/src/generated/types/listWorkflowsParams.ts,lib,224,Generated; Source of Truth; Runtime Path; Contract
F-648,lib/api-zod/src/generated/types/metricRecord.ts,lib,660,Generated; Source of Truth; Runtime Path; Contract
F-649,lib/api-zod/src/generated/types/metricRecordBuildStatus.ts,lib,394,Generated; Source of Truth; Runtime Path; Contract
F-650,lib/api-zod/src/generated/types/plugin.ts,lib,433,Generated; Source of Truth; Runtime Path; Contract
F-651,lib/api-zod/src/generated/types/pluginCapabilitiesItem.ts,lib,436,Generated; Source of Truth; Runtime Path; Contract
F-652,lib/api-zod/src/generated/types/pluginProjectRequest.ts,lib,228,Generated; Source of Truth; Runtime Path; Contract
F-653,lib/api-zod/src/generated/types/project.ts,lib,584,Generated; Source of Truth; Runtime Path; Contract
F-654,lib/api-zod/src/generated/types/projectStatus.ts,lib,376,Generated; Source of Truth; Runtime Path; Contract
F-655,lib/api-zod/src/generated/types/projectSummary.ts,lib,508,Generated; Source of Truth; Runtime Path; Contract
F-656,lib/api-zod/src/generated/types/projectSummaryTaskCounts.ts,lib,303,Generated; Source of Truth; Runtime Path; Contract
F-657,lib/api-zod/src/generated/types/rule.ts,lib,514,Generated; Source of Truth; Runtime Path; Contract
F-658,lib/api-zod/src/generated/types/ruleEvaluationResult.ts,lib,424,Generated; Source of Truth; Runtime Path; Contract
F-659,lib/api-zod/src/generated/types/ruleEvaluationResultMatchesItem.ts,lib,267,Generated; Source of Truth; Runtime Path; Contract
F-660,lib/api-zod/src/generated/types/ruleSeverity.ts,lib,374,Generated; Source of Truth; Runtime Path; Contract
F-661,lib/api-zod/src/generated/types/saveGitHubTokenInput.ts,lib,327,Generated; Source of Truth; Runtime Path; Contract
F-662,lib/api-zod/src/generated/types/saveGroqKeyInput.ts,lib,321,Generated; Source of Truth; Runtime Path; Contract
F-663,lib/api-zod/src/generated/types/scanJob.ts,lib,739,Generated; Source of Truth; Runtime Path; Contract
F-664,lib/api-zod/src/generated/types/scanJobStatus.ts,lib,376,Generated; Source of Truth; Runtime Path; Contract
F-665,lib/api-zod/src/generated/types/scanResult.ts,lib,329,Generated; Source of Truth; Runtime Path; Contract
F-666,lib/api-zod/src/generated/types/sourceType.ts,lib,498,Generated; Source of Truth; Runtime Path; Contract
F-667,lib/api-zod/src/generated/types/startDiscoveryInput.ts,lib,479,Generated; Source of Truth; Runtime Path; Contract
F-668,lib/api-zod/src/generated/types/task.ts,lib,784,Generated; Source of Truth; Runtime Path; Contract
F-669,lib/api-zod/src/generated/types/taskLog.ts,lib,427,Generated; Source of Truth; Runtime Path; Contract
F-670,lib/api-zod/src/generated/types/taskLogLevel.ts,lib,352,Generated; Source of Truth; Runtime Path; Contract
F-671,lib/api-zod/src/generated/types/taskLogMetadata.ts,lib,223,Generated; Source of Truth; Runtime Path; Contract
F-672,lib/api-zod/src/generated/types/taskPriority.ts,lib,332,Generated; Source of Truth; Runtime Path; Contract
F-673,lib/api-zod/src/generated/types/taskStatus.ts,lib,438,Generated; Source of Truth; Runtime Path; Contract
F-674,lib/api-zod/src/generated/types/updateGitConfigInput.ts,lib,370,Generated; Source of Truth; Runtime Path; Contract
F-675,lib/api-zod/src/generated/types/updateProjectInput.ts,lib,359,Generated; Source of Truth; Runtime Path; Contract
F-676,lib/api-zod/src/generated/types/updateProjectInputStatus.ts,lib,420,Generated; Source of Truth; Runtime Path; Contract
F-677,lib/api-zod/src/generated/types/updateRuleInput.ts,lib,391,Generated; Source of Truth; Runtime Path; Contract
F-678,lib/api-zod/src/generated/types/updateTaskInput.ts,lib,394,Generated; Source of Truth; Runtime Path; Contract
F-679,lib/api-zod/src/generated/types/verificationResult.ts,lib,346,Generated; Source of Truth; Runtime Path; Contract
F-680,lib/api-zod/src/generated/types/verificationResultStepsItem.ts,lib,266,Generated; Source of Truth; Runtime Path; Contract
F-681,lib/api-zod/src/generated/types/workflow.ts,lib,548,Generated; Source of Truth; Runtime Path; Contract
F-682,lib/api-zod/src/generated/types/workflowExecution.ts,lib,443,Generated; Source of Truth; Runtime Path; Contract
F-683,lib/api-zod/src/generated/types/workflowPhase.ts,lib,257,Generated; Source of Truth; Runtime Path; Contract
F-684,lib/api-zod/src/generated/types/workflowStatus.ts,lib,398,Generated; Source of Truth; Runtime Path; Contract
F-685,lib/api-zod/src/index.ts,lib,112,Source of Truth; Runtime Path; Contract
F-686,lib/api-zod/src/truth-flow-matrix.schema.ts,lib,14969,Source of Truth; Runtime Path; Contract
F-687,lib/api-zod/tsconfig.json,lib,221,Configuration; Contract
F-688,lib/db/drizzle.config.ts,lib,352,Source of Truth; Runtime Path
F-689,lib/db/package.json,lib,578,Configuration
F-690,lib/db/src/index.ts,lib,434,Source of Truth; Runtime Path
F-691,lib/db/src/schema/ai_chats.ts,lib,1362,Source of Truth; Runtime Path
F-692,lib/db/src/schema/ai_provider_credentials.ts,lib,1284,Source of Truth; Runtime Path
F-693,lib/db/src/schema/audit_logs.ts,lib,2420,Source of Truth; Runtime Path
F-694,lib/db/src/schema/discovery.ts,lib,4647,Source of Truth; Runtime Path
F-695,lib/db/src/schema/events.ts,lib,1610,Source of Truth; Runtime Path
F-696,lib/db/src/schema/graph.ts,lib,9134,Source of Truth; Runtime Path
F-697,lib/db/src/schema/index.ts,lib,442,Source of Truth; Runtime Path
F-698,lib/db/src/schema/metrics.ts,lib,1488,Source of Truth; Runtime Path
F-699,lib/db/src/schema/plugins.ts,lib,785,Source of Truth; Runtime Path
F-700,lib/db/src/schema/projects.ts,lib,1604,Source of Truth; Runtime Path
F-701,lib/db/src/schema/rules.ts,lib,1273,Source of Truth; Runtime Path
F-702,lib/db/src/schema/scan_jobs.ts,lib,1512,Source of Truth; Runtime Path
F-703,lib/db/src/schema/task_logs.ts,lib,862,Source of Truth; Runtime Path
F-704,lib/db/src/schema/tasks.ts,lib,2245,Source of Truth; Runtime Path
F-705,lib/db/src/schema/workflows.ts,lib,1762,Source of Truth; Runtime Path
F-706,lib/db/tsconfig.json,lib,244,Configuration
F-707,lib/knowledge-engine/package.json,lib,436,Configuration
F-708,lib/knowledge-engine/src/__tests__/inference.test.ts,lib,5906,Test Path; Source of Truth; Runtime Path
F-709,lib/knowledge-engine/src/__tests__/queries.test.ts,lib,14435,Test Path; Source of Truth; Runtime Path
F-710,lib/knowledge-engine/src/index.ts,lib,1406,Source of Truth; Runtime Path
F-711,lib/knowledge-engine/src/inference.ts,lib,11444,Source of Truth; Runtime Path
F-712,lib/knowledge-engine/src/queries.ts,lib,23879,Source of Truth; Runtime Path
F-713,lib/knowledge-engine/src/types.ts,lib,8752,Source of Truth; Runtime Path
F-714,lib/knowledge-engine/tsconfig.json,lib,298,Configuration
F-715,lib/scanner/package.json,lib,434,Configuration
F-716,lib/scanner/src/__tests__/file-walker.test.ts,lib,4868,Test Path; Source of Truth; Runtime Path
F-717,lib/scanner/src/__tests__/graph-extractor.test.ts,lib,22056,Test Path; Source of Truth; Runtime Path
F-718,lib/scanner/src/__tests__/metrics-calc.test.ts,lib,4652,Test Path; Source of Truth; Runtime Path
F-719,lib/scanner/src/__tests__/rule-matcher.test.ts,lib,3493,Test Path; Source of Truth; Runtime Path
F-720,lib/scanner/src/file-walker.ts,lib,5033,Source of Truth; Runtime Path
F-721,lib/scanner/src/graph-extractor.ts,lib,43283,Source of Truth; Runtime Path
F-722,lib/scanner/src/index.ts,lib,667,Source of Truth; Runtime Path
F-723,lib/scanner/src/metrics-calc.ts,lib,7053,Source of Truth; Runtime Path
F-724,lib/scanner/src/python-ast-script.py,lib,4993,Other
F-725,lib/scanner/src/python-ast-script.ts,lib,5935,Source of Truth; Runtime Path
F-726,lib/scanner/src/python-extractor.ts,lib,3567,Source of Truth; Runtime Path
F-727,lib/scanner/src/rule-matcher.ts,lib,3971,Source of Truth; Runtime Path
F-728,lib/scanner/tsconfig.json,lib,244,Configuration
F-729,lib/scanner/vitest.config.ts,lib,304,Source of Truth; Runtime Path
F-730,package.json,package.json,941,Configuration
F-731,pnpm-lock.yaml,pnpm-lock.yaml,263157,Configuration
F-732,pnpm-workspace.yaml,pnpm-workspace.yaml,6579,Configuration
F-733,replit.md,replit.md,9082,Documentation
F-734,scripts/check-codegen-drift.ts,scripts,2934,Tooling/Script
F-735,scripts/package.json,scripts,464,Configuration; Tooling/Script
F-736,scripts/post-merge.sh,scripts,712,Tooling/Script
F-737,scripts/src/hello.ts,scripts,46,Tooling/Script
F-738,scripts/trigger-scan.mts,scripts,6016,Tooling/Script
F-739,scripts/tsconfig.json,scripts,143,Configuration; Tooling/Script
F-740,scripts/validate-truth-flow.ts,scripts,4820,Tooling/Script
F-741,scripts/verify-setup.sh,scripts,2691,Tooling/Script
F-742,tsconfig.base.json,tsconfig.base.json,691,Configuration
F-743,tsconfig.base.json.bak,tsconfig.base.json.bak,692,Configuration; Generated; Legacy/Dead
F-744,tsconfig.json,tsconfig.json,382,Configuration
